,Season,Name,Nationality,Type,Team,Price
1,2024,Avanish Rao Aravelly ,Indian ,Wicket-Keeper , Chennai Super Kings,"20,00,000 "
2,2024,Mustafizur Rahman ,Overseas ,Bowler , Chennai Super Kings,"2,00,00,000 "
3,2024,Daryl Mitchell ,Overseas ,All-Rounder , Chennai Super Kings,"14,00,00,000 "
4,2024,Sameer Rizvi ,Indian ,Batter , Chennai Super Kings,"8,40,00,000 "
5,2024,Rachin Ravindra ,Overseas ,All-Rounder , Chennai Super Kings,"1,80,00,000 "
6,2024,Shardul Thakur ,Indian ,All-Rounder , Chennai Super Kings,"4,00,00,000 "
7,2024,Ricky Bhui ,Indian ,Wicket-Keeper , Delhi Capitals,"20,00,000 "
8,2024,Sumit Kumar ,Indian ,All-Rounder , Delhi Capitals,"1,00,00,000 "
9,2024,Swastik Chhikara ,Indian ,Batter , Delhi Capitals,"20,00,000 "
10,2024,Jhye Richardson ,Overseas ,Bowler , Delhi Capitals,"5,00,00,000 "
11,2024,Shai Hope ,Overseas ,Wicket-Keeper , Delhi Capitals,"75,00,000 "
12,2024,Rasikh Dar ,Indian ,Bowler , Delhi Capitals,"20,00,000 "
13,2024,Kumar Kushagra ,Indian ,Wicket-Keeper , Delhi Capitals,"7,20,00,000 "
14,2024,Tristan Stubbs ,Overseas ,Wicket-Keeper , Delhi Capitals,"50,00,000 "
15,2024,Harry Brook ,Overseas ,Batter , Delhi Capitals,"4,00,00,000 "
16,2024,Kartik Tyagi ,Indian ,Bowler , Gujarat Titans,"60,00,000 "
17,2024,Spencer Johnson ,Overseas ,Bowler , Gujarat Titans,"10,00,00,000 "
18,2024,Manav Suthar ,Indian ,Bowler , Gujarat Titans,"20,00,000 "
19,2024,Robin Minz ,Indian ,Wicket-Keeper , Gujarat Titans,"3,60,00,000 "
20,2024,Sushant Mishra ,Indian ,Bowler , Gujarat Titans,"2,20,00,000 "
21,2024,Azmatullah Omarzai ,Overseas ,All-Rounder , Gujarat Titans,"50,00,000 "
22,2024,Shahrukh Khan ,Indian ,All-Rounder , Gujarat Titans,"7,40,00,000 "
23,2024,Umesh Yadav ,Indian ,Bowler , Gujarat Titans,"5,80,00,000 "
24,2024,Mujeeb Rahman ,Overseas ,Bowler , Kolkata Knight Riders,"2,00,00,000 "
25,2024,Manish Pandey ,Indian ,Batter , Kolkata Knight Riders,"50,00,000 "
26,2024,Gus Atkinson ,Overseas ,Bowler , Kolkata Knight Riders,"1,00,00,000 "
27,2024,Angkrish Raghuvanshi ,Indian ,Batter , Kolkata Knight Riders,"20,00,000 "
28,2024,Mitchell  Starc ,Overseas ,Bowler , Kolkata Knight Riders,"24,75,00,000 "
29,2024,Sherfane Rutherford ,Overseas ,Batter , Kolkata Knight Riders,"1,50,00,000 "
30,2024,Ramandeep  Singh ,Indian ,All-Rounder , Kolkata Knight Riders,"20,00,000 "
31,2024,K.S. Bharat ,Indian ,Wicket-Keeper , Kolkata Knight Riders,"50,00,000 "
32,2024,Chetan Sakariya ,Indian ,Bowler , Kolkata Knight Riders,"50,00,000 "
33,2024,Sakib Hussain ,Indian ,Bowler , Kolkata Knight Riders,"20,00,000 "
34,2024,Ashton Turner ,Overseas ,Batter , Lucknow Super Giants,"1,00,00,000 "
35,2024,David Willey  ,Overseas ,All-Rounder , Lucknow Super Giants,"2,00,00,000 "
36,2024,M. Siddharth ,Indian ,Bowler , Lucknow Super Giants,"2,40,00,000 "
37,2024,Shivam  Mavi ,Indian ,Bowler , Lucknow Super Giants,"6,40,00,000 "
38,2024,Arshin Kulkarni ,Indian ,All-Rounder , Lucknow Super Giants,"20,00,000 "
39,2024,Mohd. Arshad Khan ,Indian ,All-Rounder , Lucknow Super Giants,"20,00,000 "
40,2024,Dilshan Madushanka ,Overseas ,Bowler , Mumbai Indians,"4,60,00,000 "
41,2024,Shreyas Gopal ,Indian ,Bowler , Mumbai Indians,"20,00,000 "
42,2024,Shivalik Sharma ,Indian ,All-Rounder , Mumbai Indians,"20,00,000 "
43,2024,Anshul Kamboj ,Indian ,All-Rounder , Mumbai Indians,"20,00,000 "
44,2024,Mohammad Nabi ,Overseas ,All-Rounder , Mumbai Indians,"1,50,00,000 "
45,2024,Naman Dhir ,Indian ,All-Rounder , Mumbai Indians,"20,00,000 "
46,2024,Nuwan Thushara ,Overseas ,Bowler , Mumbai Indians,"4,80,00,000 "
47,2024,Gerald Coetzee ,Overseas ,All-Rounder , Mumbai Indians,"5,00,00,000 "
48,2024,Chris Woakes  ,Overseas ,All-Rounder , Punjab Kings,"4,20,00,000 "
49,2024,Tanay Thyagarajann ,Indian ,All-Rounder , Punjab Kings,"20,00,000 "
50,2024,Vishwanath Pratap Singh ,Indian ,All-Rounder , Punjab Kings,"20,00,000 "
51,2024,Ashutosh Sharma ,Indian ,All-Rounder , Punjab Kings,"20,00,000 "
52,2024,Shashank  Singh ,Indian ,Batter , Punjab Kings,"20,00,000 "
53,2024,Rilee Rossouw ,Overseas ,Batter , Punjab Kings,"8,00,00,000 "
54,2024,Prince Choudhary ,Indian ,Bowler , Punjab Kings,"20,00,000 "
55,2024,Harshal Patel ,Indian ,All-Rounder , Punjab Kings,"11,75,00,000 "
56,2024,Shubham Dubey ,Indian ,Batter , Rajasthan Royals,"5,80,00,000 "
57,2024,Rovman Powell ,Overseas ,Batter , Rajasthan Royals,"7,40,00,000 "
58,2024,Abid Mushtaq ,Indian ,All-Rounder , Rajasthan Royals,"20,00,000 "
59,2024,Nandre Burger ,Overseas ,Bowler , Rajasthan Royals,"50,00,000 "
60,2024,Tom Kohler-Cadmore ,Overseas ,Wicket-Keeper , Rajasthan Royals,"40,00,000 "
61,2024,Lockie Ferguson ,Overseas ,Bowler , Royal Challengers Bengaluru,"2,00,00,000 "
62,2024,Tom Curran ,Overseas ,All-Rounder , Royal Challengers Bengaluru,"1,50,00,000 "
63,2024,Saurav Chuahan ,Indian ,Batter , Royal Challengers Bengaluru,"20,00,000 "
64,2024,Alzarri Joseph ,Overseas ,Bowler , Royal Challengers Bengaluru,"11,50,00,000 "
65,2024,Swapnil Singh ,Indian ,All-Rounder , Royal Challengers Bengaluru,"20,00,000 "
66,2024,Yash  Dayal ,Indian ,Bowler , Royal Challengers Bengaluru,"5,00,00,000 "
67,2024,Jhathavedh Subramanyan ,Indian ,Bowler , Sunrisers Hyderabad,"20,00,000 "
68,2024,Akash Singh ,Indian ,Bowler , Sunrisers Hyderabad,"20,00,000 "
69,2024,Jaydev Unadkat ,Indian ,Bowler , Sunrisers Hyderabad,"1,60,00,000 "
70,2024,Wanindu Hasaranga ,Overseas ,All-Rounder , Sunrisers Hyderabad,"1,50,00,000 "
71,2024,Pat Cummins ,Overseas ,All-Rounder , Sunrisers Hyderabad,"20,50,00,000 "
72,2024,Travis Head ,Overseas ,Batter , Sunrisers Hyderabad,"6,80,00,000 "
73,2023,Ajinkya Rahane ,Indian ,Batter , Chennai Super Kings,"50,00,000 "
74,2023,Bhagath Varma ,Indian ,All-Rounder , Chennai Super Kings,"20,00,000 "
75,2023,Kyle Jamieson ,Overseas ,Bowler , Chennai Super Kings,"1,00,00,000 "
76,2023,Ajay Mandal ,Indian ,All-Rounder , Chennai Super Kings,"20,00,000 "
77,2023,Nishant Sindhu ,Indian ,All-Rounder , Chennai Super Kings,"60,00,000 "
78,2023,Shaik Rasheed ,Indian ,Batter , Chennai Super Kings,"20,00,000 "
79,2023,Ben Stokes ,Overseas ,All-Rounder , Chennai Super Kings,"16,25,00,000 "
80,2023,Phil Salt ,Overseas ,Wicket-Keeper , Delhi Capitals,"2,00,00,000 "
81,2023,Ishant Sharma ,Indian ,Bowler , Delhi Capitals,"50,00,000 "
82,2023,Rilee Rossouw ,Overseas ,Batter , Delhi Capitals,"4,60,00,000 "
83,2023,Manish Pandey ,Indian ,Batter , Delhi Capitals,"2,40,00,000 "
84,2023,Mukesh Kumar ,Indian ,Bowler , Delhi Capitals,"5,50,00,000 "
85,2023,Shivam Mavi ,Indian ,Bowler , Gujarat Titans,"6,00,00,000 "
86,2023,K.S. Bharat ,Indian ,Wicket-Keeper , Gujarat Titans,"1,20,00,000 "
87,2023,Urvil Patel ,Indian ,Wicket-Keeper , Gujarat Titans,"20,00,000 "
88,2023,Mohit Sharma ,Indian ,Bowler , Gujarat Titans,"50,00,000 "
89,2023,Joshua Little ,Overseas ,Bowler , Gujarat Titans,"4,40,00,000 "
90,2023,Kane Williamson ,Overseas ,Batter , Gujarat Titans,"2,00,00,000 "
91,2023,Odean Smith ,Overseas ,All-Rounder , Gujarat Titans,"50,00,000 "
92,2023,Kulwant Khejroliya ,Indian ,Bowler , Kolkata Knight Riders,"20,00,000 "
93,2023,Shakib Al Hasan ,Overseas ,All-Rounder , Kolkata Knight Riders,"1,50,00,000 "
94,2023,Vaibhav Arora ,Indian ,Bowler , Kolkata Knight Riders,"60,00,000 "
95,2023,N. Jagadeesan ,Indian ,Wicket-Keeper , Kolkata Knight Riders,"90,00,000 "
96,2023,David Wiese ,Overseas ,All-Rounder , Kolkata Knight Riders,"1,00,00,000 "
97,2023,Mandeep Singh ,Indian ,Batter , Kolkata Knight Riders,"50,00,000 "
98,2023,Litton Das ,Overseas ,Wicket-Keeper , Kolkata Knight Riders,"50,00,000 "
99,2023,Suyash Sharma ,Indian ,Bowler , Kolkata Knight Riders,"20,00,000 "
100,2023,Amit Mishra ,Indian ,Bowler , Lucknow Super Giants,"50,00,000 "
101,2023,Nicholas Pooran ,Overseas ,Wicket-Keeper , Lucknow Super Giants,"16,00,00,000 "
102,2023,Romario Shepherd ,Overseas ,All-Rounder , Lucknow Super Giants,"50,00,000 "
103,2023,Daniel Sams ,Overseas ,All-Rounder , Lucknow Super Giants,"75,00,000 "
104,2023,Swapnil Singh ,Indian ,All-Rounder , Lucknow Super Giants,"20,00,000 "
105,2023,Yudhvir Charak ,Indian ,All-Rounder , Lucknow Super Giants,"20,00,000 "
106,2023,Prerak Mankad ,Indian ,All-Rounder , Lucknow Super Giants,"20,00,000 "
107,2023,Yash Thakur ,Indian ,Bowler , Lucknow Super Giants,"45,00,000 "
108,2023,Naveen Ul Haq ,Overseas ,Bowler , Lucknow Super Giants,"50,00,000 "
109,2023,Jaydev Unadkat ,Indian ,Bowler , Lucknow Super Giants,"50,00,000 "
110,2023,Jhye Richardson ,Overseas ,Bowler , Mumbai Indians,"1,50,00,000 "
111,2023,Nehal Wadhera ,Indian ,All-Rounder , Mumbai Indians,"20,00,000 "
112,2023,Raghav Goyal ,Indian ,Bowler , Mumbai Indians,"20,00,000 "
113,2023,Cameron Green ,Overseas ,All-Rounder , Mumbai Indians,"17,50,00,000 "
114,2023,Vishnu Vinod ,Indian ,Wicket-Keeper , Mumbai Indians,"20,00,000 "
115,2023,Duan Jansen ,Overseas ,All-Rounder , Mumbai Indians,"20,00,000 "
116,2023,Piyush Chawla ,Indian ,Bowler , Mumbai Indians,"50,00,000 "
117,2023,Shams Mulani ,Indian ,All-Rounder , Mumbai Indians,"20,00,000 "
118,2023,Harpreet Bhatia ,Indian ,Batter , Punjab Kings,"40,00,000 "
119,2023,Shivam Singh ,Indian ,All-Rounder , Punjab Kings,"20,00,000 "
120,2023,Vidwath Kaverappa ,Indian ,Bowler , Punjab Kings,"20,00,000 "
121,2023,Mohit Rathee ,Indian ,All-Rounder , Punjab Kings,"20,00,000 "
122,2023,Sam Curran ,Overseas ,All-Rounder , Punjab Kings,"18,50,00,000 "
123,2023,Sikandar Raza ,Overseas ,All-Rounder , Punjab Kings,"50,00,000 "
124,2023,Jason Holder ,Overseas ,All-Rounder , Rajasthan Royals,"5,75,00,000 "
125,2023,Adam Zampa ,Overseas ,Bowler , Rajasthan Royals,"1,50,00,000 "
126,2023,Abdul P A ,Indian ,All-Rounder , Rajasthan Royals,"20,00,000 "
127,2023,Akash Vashisht ,Indian ,All-Rounder , Rajasthan Royals,"20,00,000 "
128,2023,Donovan Ferreira ,Overseas ,Wicket-Keeper , Rajasthan Royals,"50,00,000 "
129,2023,Kunal Rathore ,Indian ,Wicket-Keeper , Rajasthan Royals,"20,00,000 "
130,2023,Joe Root ,Overseas ,Batter , Rajasthan Royals,"1,00,00,000 "
131,2023,Murugan Ashwin ,Indian ,Bowler , Rajasthan Royals,"20,00,000 "
132,2023,K.M. Asif ,Indian ,Bowler , Rajasthan Royals,"30,00,000 "
133,2023,Sonu Yadav ,Indian ,All-Rounder , Royal Challengers Bangalore,"20,00,000 "
134,2023,Himanshu Sharma ,Indian ,Bowler , Royal Challengers Bangalore,"20,00,000 "
135,2023,Avinash Singh ,Indian ,Bowler , Royal Challengers Bangalore,"60,00,000 "
136,2023,Manoj Bhandage ,Indian ,All-Rounder , Royal Challengers Bangalore,"20,00,000 "
137,2023,Will Jacks ,Overseas ,Batter , Royal Challengers Bangalore,"3,20,00,000 "
138,2023,Reece Topley ,Overseas ,Bowler , Royal Challengers Bangalore,"1,90,00,000 "
139,2023,Rajan Kumar ,Indian ,Bowler , Royal Challengers Bangalore,"70,00,000 "
140,2023,Sanvir Singh ,Indian ,All-Rounder , Sunrisers Hyderabad,"20,00,000 "
141,2023,Harry Brook ,Overseas ,Batter , Sunrisers Hyderabad,"13,25,00,000 "
142,2023,Heinrich Klaasen ,Overseas ,Wicket-Keeper , Sunrisers Hyderabad,"5,25,00,000 "
143,2023,Akeal Hosein ,Overseas ,Bowler , Sunrisers Hyderabad,"1,00,00,000 "
144,2023,Mayank Markande ,Indian ,Bowler , Sunrisers Hyderabad,"50,00,000 "
145,2023,Adil Rashid ,Overseas ,Bowler , Sunrisers Hyderabad,"2,00,00,000 "
146,2023,Anmolpreet Singh ,Indian ,Batter , Sunrisers Hyderabad,"20,00,000 "
147,2023,Vivrant Sharma ,Indian ,All-Rounder , Sunrisers Hyderabad,"2,60,00,000 "
148,2023,Samarth Vyas ,Indian ,All-Rounder , Sunrisers Hyderabad,"20,00,000 "
149,2023,Upendra Singh Yadav ,Indian ,Wicket-Keeper , Sunrisers Hyderabad,"25,00,000 "
150,2023,Nitish Kumar Reddy ,Indian ,Wicket-Keeper , Sunrisers Hyderabad,"20,00,000 "
151,2023,Mayank Agarwal ,Indian ,Batter , Sunrisers Hyderabad,"8,25,00,000 "
152,2023,Mayank Dagar ,Indian ,All-Rounder , Sunrisers Hyderabad,"1,80,00,000 "
153,2022,Robin Uthappa ,Indian ,Batsman , Chennai Super Kings,"2,00,00,000 "
154,2022,Dwayne Bravo ,Overseas ,All-Rounder , Chennai Super Kings,"4,40,00,000 "
155,2022,Ambati Rayudu ,Indian ,Wicket Keeper , Chennai Super Kings,"6,75,00,000 "
156,2022,Deepak Chahar ,Indian ,Bowler , Chennai Super Kings,"14,00,00,000 "
157,2022,C.Hari Nishaanth ,Indian ,Batsman , Chennai Super Kings,"20,00,000 "
158,2022,N. Jagadeesan ,Indian ,Wicket Keeper , Chennai Super Kings,"20,00,000 "
159,2022,K.M. Asif ,Indian ,Bowler , Chennai Super Kings,"20,00,000 "
160,2022,Tushar Deshpande ,Indian ,Bowler , Chennai Super Kings,"20,00,000 "
161,2022,Shivam Dube ,Indian ,All-Rounder , Chennai Super Kings,"4,00,00,000 "
162,2022,Chris Jordan ,Overseas ,All-Rounder , Chennai Super Kings,"3,60,00,000 "
163,2022,Maheesh Theekshana ,Overseas ,Bowler , Chennai Super Kings,"70,00,000 "
164,2022,Rajvardhan Hangargekar ,Indian ,All-Rounder , Chennai Super Kings,"1,50,00,000 "
165,2022,Simarjeet Singh ,Indian ,Bowler , Chennai Super Kings,"20,00,000 "
166,2022,Devon Conway ,Overseas ,Batsman , Chennai Super Kings,"1,00,00,000 "
167,2022,Dwaine Pretorius ,Overseas ,All-Rounder , Chennai Super Kings,"50,00,000 "
168,2022,Mitchell Santner ,Overseas ,All-Rounder , Chennai Super Kings,"1,90,00,000 "
169,2022,Adam Milne ,Overseas ,Bowler , Chennai Super Kings,"1,90,00,000 "
170,2022,Subhranshu Senapati ,Indian ,Batsman , Chennai Super Kings,"20,00,000 "
171,2022,Mukesh Choudhary ,Indian ,Bowler , Chennai Super Kings,"20,00,000 "
172,2022,Prashant Solanki ,Indian ,Bowler , Chennai Super Kings,"1,20,00,000 "
173,2022,K.Bhagath Varma ,Indian ,All-Rounder , Chennai Super Kings,"20,00,000 "
174,2022,David Warner ,Overseas ,Batsman , Delhi Capitals,"6,25,00,000 "
175,2022,Mitchell Marsh ,Overseas ,All-Rounder , Delhi Capitals,"6,50,00,000 "
176,2022,Mustafizur Rahman ,Overseas ,Bowler , Delhi Capitals,"2,00,00,000 "
177,2022,Shardul Thakur ,Indian ,Bowler , Delhi Capitals,"10,75,00,000 "
178,2022,Kuldeep Yadav ,Indian ,Bowler , Delhi Capitals,"2,00,00,000 "
179,2022,Ashwin Hebbar ,Indian ,Batsman , Delhi Capitals,"20,00,000 "
180,2022,Sarfaraz Khan ,Indian ,All-Rounder , Delhi Capitals,"20,00,000 "
181,2022,Kamlesh Nagarkoti ,Indian ,All-Rounder , Delhi Capitals,"1,10,00,000 "
182,2022,K.S. Bharat ,Indian ,Wicket Keeper , Delhi Capitals,"2,00,00,000 "
183,2022,Mandeep Singh ,Indian ,Batsman , Delhi Capitals,"1,10,00,000 "
184,2022,Syed Khaleel Ahmed ,Indian ,Bowler , Delhi Capitals,"5,25,00,000 "
185,2022,Lungisani Ngidi ,Overseas ,Bowler , Delhi Capitals,"50,00,000 "
186,2022,Chetan Sakariya ,Indian ,Bowler , Delhi Capitals,"4,20,00,000 "
187,2022,Yash Dhull ,Indian ,All-Rounder , Delhi Capitals,"50,00,000 "
188,2022,Vicky Ostwal ,Indian ,All-Rounder , Delhi Capitals,"20,00,000 "
189,2022,Ripal Patel ,Indian ,All-Rounder , Delhi Capitals,"20,00,000 "
190,2022,Lalit Yadav ,Indian ,All-Rounder , Delhi Capitals,"65,00,000 "
191,2022,Rovman Powell ,Overseas ,Batsman , Delhi Capitals,"2,80,00,000 "
192,2022,Tim Seifert ,Overseas ,Wicket Keeper , Delhi Capitals,"50,00,000 "
193,2022,Pravin Dubey ,Indian ,All-Rounder , Delhi Capitals,"50,00,000 "
194,2022,Mohammad Shami ,Indian ,Bowler , Gujarat Titans,"6,25,00,000 "
195,2022,David Miller ,Overseas ,Batsman , Gujarat Titans,"3,00,00,000 "
196,2022,Jason Roy  ,Overseas ,Batsman , Gujarat Titans,"2,00,00,000 "
197,2022,Wriddhiman  Saha ,Indian ,Wicket Keeper , Gujarat Titans,"1,90,00,000 "
198,2022,Matthew Wade ,Overseas ,Wicket Keeper , Gujarat Titans,"2,40,00,000 "
199,2022,Lockie Ferguson ,Overseas ,Bowler , Gujarat Titans,"10,00,00,000 "
200,2022,Abhinav Sadarangani ,Indian ,Batsman , Gujarat Titans,"2,60,00,000 "
201,2022,Rahul Tewatia ,Indian ,All-Rounder , Gujarat Titans,"9,00,00,000 "
202,2022,Noor  Ahmad ,Overseas ,Bowler , Gujarat Titans,"30,00,000 "
203,2022,R. Sai Kishore ,Indian ,Bowler , Gujarat Titans,"3,00,00,000 "
204,2022,Dominic Drakes ,Overseas ,All-Rounder , Gujarat Titans,"1,10,00,000 "
205,2022,Vijay Shankar ,Indian ,All-Rounder , Gujarat Titans,"1,40,00,000 "
206,2022,Jayant Yadav ,Indian ,All-Rounder , Gujarat Titans,"1,70,00,000 "
207,2022,Darshan Nalkande ,Indian ,All-Rounder , Gujarat Titans,"20,00,000 "
208,2022,Yash  Dayal ,Indian ,Bowler , Gujarat Titans,"3,20,00,000 "
209,2022,B. Sai Sudharsan ,Indian ,All-Rounder , Gujarat Titans,"20,00,000 "
210,2022,Gurkeerat Singh ,Indian ,All-Rounder , Gujarat Titans,"50,00,000 "
211,2022,Alzarri Joseph ,Overseas ,Bowler , Gujarat Titans,"2,40,00,000 "
212,2022,Varun Aaron ,Indian ,Bowler , Gujarat Titans,"50,00,000 "
213,2022,Pradeep Sangwan ,Indian ,All-Rounder , Gujarat Titans,"20,00,000 "
214,2022,Pat Cummins ,Overseas ,All-Rounder , Kolkata Knight Riders,"7,25,00,000 "
215,2022,Shreyas Iyer ,Indian ,Batsman , Kolkata Knight Riders,"12,25,00,000 "
216,2022,Mohammad  Nabi ,Overseas ,All-Rounder , Kolkata Knight Riders,"1,00,00,000 "
217,2022,Nitish Rana ,Indian ,All-Rounder , Kolkata Knight Riders,"8,00,00,000 "
218,2022,Sam Billings  ,Overseas ,Wicket Keeper , Kolkata Knight Riders,"2,00,00,000 "
219,2022,Umesh Yadav ,Indian ,Bowler , Kolkata Knight Riders,"2,00,00,000 "
220,2022,Shivam  Mavi ,Indian ,All-Rounder , Kolkata Knight Riders,"7,25,00,000 "
221,2022,Sheldon Jackson ,Indian ,Wicket Keeper , Kolkata Knight Riders,"60,00,000 "
222,2022,Ajinkya Rahane ,Indian ,Batsman , Kolkata Knight Riders,"1,00,00,000 "
223,2022,Rinku Singh ,Indian ,Batsman , Kolkata Knight Riders,"55,00,000 "
224,2022,Anukul Roy ,Indian ,All-Rounder , Kolkata Knight Riders,"20,00,000 "
225,2022,Alex Hales  ,Overseas ,Batsman , Kolkata Knight Riders,"1,50,00,000 "
226,2022,Rasikh Dar ,Indian ,Bowler , Kolkata Knight Riders,"20,00,000 "
227,2022,Tim Southee ,Overseas ,Bowler , Kolkata Knight Riders,"1,50,00,000 "
228,2022,Baba Indrajith ,Indian ,Wicket Keeper , Kolkata Knight Riders,"20,00,000 "
229,2022,Chamika Karunaratne ,Overseas ,All-Rounder , Kolkata Knight Riders,"50,00,000 "
230,2022,Abhijeet Tomar ,Indian ,Batsman , Kolkata Knight Riders,"40,00,000 "
231,2022,Aman Khan ,Indian ,All-Rounder , Kolkata Knight Riders,"20,00,000 "
232,2022,Ramesh Kumar ,Indian ,Batsman , Kolkata Knight Riders,"20,00,000 "
233,2022,Pratham Singh ,Indian ,Batsman , Kolkata Knight Riders,"20,00,000 "
234,2022,Ashok Sharma ,Indian ,Bowler , Kolkata Knight Riders,"55,00,000 "
235,2022,Quinton De Kock ,Overseas ,Wicket Keeper , Lucknow Super Giants,"6,75,00,000 "
236,2022,Manish Pandey ,Indian ,Batsman , Lucknow Super Giants,"4,60,00,000 "
237,2022,Krunal Pandya ,Indian ,All-Rounder , Lucknow Super Giants,"8,25,00,000 "
238,2022,Mark Wood ,Overseas ,Bowler , Lucknow Super Giants,"7,50,00,000 "
239,2022,Avesh Khan ,Indian ,Bowler , Lucknow Super Giants,"10,00,00,000 "
240,2022,Ankit Singh Rajpoot ,Indian ,Bowler , Lucknow Super Giants,"50,00,000 "
241,2022,K. Gowtham ,Indian ,All-Rounder , Lucknow Super Giants,"90,00,000 "
242,2022,Dushmanta Chameera ,Overseas ,Bowler , Lucknow Super Giants,"2,00,00,000 "
243,2022,Shahbaz Nadeem ,Indian ,Bowler , Lucknow Super Giants,"50,00,000 "
244,2022,Manan Vohra ,Indian ,Batsman , Lucknow Super Giants,"20,00,000 "
245,2022,Evin Lewis ,Overseas ,Batsman , Lucknow Super Giants,"2,00,00,000 "
246,2022,Mohsin Khan ,Indian ,Bowler , Lucknow Super Giants,"20,00,000 "
247,2022,Mayank Yadav ,Indian ,Bowler , Lucknow Super Giants,"20,00,000 "
248,2022,Ayush Badoni ,Indian ,All-Rounder , Lucknow Super Giants,"20,00,000 "
249,2022,Kyle Mayers ,Overseas ,All-Rounder , Lucknow Super Giants,"50,00,000 "
250,2022,Karan Sharma ,Indian ,All-Rounder , Lucknow Super Giants,"20,00,000 "
251,2022,Jason Holder ,Overseas ,All-Rounder , Lucknow Super Giants,"8,75,00,000 "
252,2022,Deepak Hooda ,Indian ,All-Rounder , Lucknow Super Giants,"5,75,00,000 "
253,2022,Ishan Kishan ,Indian ,Wicket Keeper , Mumbai Indians,"15,25,00,000 "
254,2022,Dewald Brevis ,Overseas ,Batsman , Mumbai Indians,"3,00,00,000 "
255,2022,Anmolpreet Singh ,Indian ,Batsman , Mumbai Indians,"20,00,000 "
256,2022,Basil Thampi ,Indian ,Bowler , Mumbai Indians,"30,00,000 "
257,2022,Murugan Ashwin ,Indian ,Bowler , Mumbai Indians,"1,60,00,000 "
258,2022,Jaydev Unadkat ,Indian ,Bowler , Mumbai Indians,"1,30,00,000 "
259,2022,Mayank Markande ,Indian ,Bowler , Mumbai Indians,"65,00,000 "
260,2022,N. Tilak Varma ,Indian ,All-Rounder , Mumbai Indians,"1,70,00,000 "
261,2022,Sanjay Yadav ,Indian ,All-Rounder , Mumbai Indians,"50,00,000 "
262,2022,Jofra Archer ,Overseas ,All-Rounder , Mumbai Indians,"8,00,00,000 "
263,2022,Daniel Sams ,Overseas ,All-Rounder , Mumbai Indians,"2,60,00,000 "
264,2022,Tymal Mills ,Overseas ,Bowler , Mumbai Indians,"1,50,00,000 "
265,2022,Tim David ,Overseas ,All-Rounder , Mumbai Indians,"8,25,00,000 "
266,2022,Ramandeep  Singh ,Indian ,All-Rounder , Mumbai Indians,"20,00,000 "
267,2022,Aryan Juyal ,Indian ,Wicket Keeper , Mumbai Indians,"20,00,000 "
268,2022,Fabian Allen ,Overseas ,All-Rounder , Mumbai Indians,"75,00,000 "
269,2022,Riley Meredith ,Overseas ,Bowler , Mumbai Indians,"1,00,00,000 "
270,2022,Rahul Buddhi ,Indian ,Batsman , Mumbai Indians,"20,00,000 "
271,2022,Hrithik Shokeen ,Indian ,All-Rounder , Mumbai Indians,"20,00,000 "
272,2022,Mohd. Arshad Khan ,Indian ,All-Rounder , Mumbai Indians,"20,00,000 "
273,2022,Arjun  Tendulkar ,Indian ,All-Rounder , Mumbai Indians,"30,00,000 "
274,2022,Shikhar Dhawan ,Indian ,Batsman , Punjab Kings,"8,25,00,000 "
275,2022,Kagiso Rabada ,Overseas ,Bowler , Punjab Kings,"9,25,00,000 "
276,2022,Jonny Bairstow  ,Overseas ,Wicket Keeper , Punjab Kings,"6,75,00,000 "
277,2022,Rahul Chahar ,Indian ,Bowler , Punjab Kings,"5,25,00,000 "
278,2022,Harpreet  Brar ,Indian ,All-Rounder , Punjab Kings,"3,80,00,000 "
279,2022,Shahrukh Khan ,Indian ,All-Rounder , Punjab Kings,"9,00,00,000 "
280,2022,Jitesh Sharma ,Indian ,Wicket Keeper , Punjab Kings,"20,00,000 "
281,2022,Prabhsimran Singh ,Indian ,Wicket Keeper , Punjab Kings,"60,00,000 "
282,2022,Ishan Porel ,Indian ,Bowler , Punjab Kings,"25,00,000 "
283,2022,Liam Livingstone ,Overseas ,All-Rounder , Punjab Kings,"11,50,00,000 "
284,2022,Odean Smith ,Overseas ,All-Rounder , Punjab Kings,"6,00,00,000 "
285,2022,Sandeep Sharma ,Indian ,Bowler , Punjab Kings,"50,00,000 "
286,2022,Raj Angad Bawa ,Indian ,All-Rounder , Punjab Kings,"2,00,00,000 "
287,2022,Rishi Dhawan ,Indian ,All-Rounder , Punjab Kings,"55,00,000 "
288,2022,Nathan Ellis ,Overseas ,Bowler , Punjab Kings,"75,00,000 "
289,2022,Prerak Mankad ,Indian ,All-Rounder , Punjab Kings,"20,00,000 "
290,2022,Atharva Taide ,Indian ,All-Rounder , Punjab Kings,"20,00,000 "
291,2022,Vaibhav Arora ,Indian ,Bowler , Punjab Kings,"2,00,00,000 "
292,2022,Bhanuka Rajapaksa ,Overseas ,Batsman , Punjab Kings,"50,00,000 "
293,2022,Benny Howell ,Overseas ,All-Rounder , Punjab Kings,"40,00,000 "
294,2022,Writtick Chatterjee ,Indian ,All-Rounder , Punjab Kings,"20,00,000 "
295,2022,Baltej Dhanda ,Indian ,Bowler , Punjab Kings,"20,00,000 "
296,2022,Ansh Patel ,Indian ,All-Rounder , Punjab Kings,"20,00,000 "
297,2022,R. Ashwin ,Indian ,All-Rounder , Rajasthan Royals,"5,00,00,000 "
298,2022,Trent Boult ,Overseas ,Bowler , Rajasthan Royals,"8,00,00,000 "
299,2022,Shimron Hetmyer ,Overseas ,Batsman , Rajasthan Royals,"8,50,00,000 "
300,2022,Devdutt Padikkal ,Indian ,Batsman , Rajasthan Royals,"7,75,00,000 "
301,2022,Prasidh Krishna ,Indian ,Bowler , Rajasthan Royals,"10,00,00,000 "
302,2022,Yuzvendra Chahal ,Indian ,Bowler , Rajasthan Royals,"6,50,00,000 "
303,2022,Riyan Parag ,Indian ,All-Rounder , Rajasthan Royals,"3,80,00,000 "
304,2022,K.C Cariappa ,Indian ,Bowler , Rajasthan Royals,"30,00,000 "
305,2022,James Neesham ,Overseas ,All-Rounder , Rajasthan Royals,"1,50,00,000 "
306,2022,Nathan Coulter-Nile ,Overseas ,Bowler , Rajasthan Royals,"2,00,00,000 "
307,2022,Navdeep Saini ,Indian ,Bowler , Rajasthan Royals,"2,60,00,000 "
308,2022,Kuldeep  Sen ,Indian ,Bowler , Rajasthan Royals,"20,00,000 "
309,2022,Karun Nair ,Indian ,Batsman , Rajasthan Royals,"1,40,00,000 "
310,2022,Rassie Van Der Dussen ,Overseas ,Batsman , Rajasthan Royals,"1,00,00,000 "
311,2022,Daryl Mitchell ,Overseas ,All-Rounder , Rajasthan Royals,"75,00,000 "
312,2022,Obed Mccoy ,Overseas ,Bowler , Rajasthan Royals,"75,00,000 "
313,2022,Dhruv Jurel ,Indian ,Wicket Keeper , Rajasthan Royals,"20,00,000 "
314,2022,Tejas Baroka ,Indian ,Bowler , Rajasthan Royals,"20,00,000 "
315,2022,Kuldip Yadav ,Indian ,Bowler , Rajasthan Royals,"20,00,000 "
316,2022,Shubham Garhwal ,Indian ,All-Rounder , Rajasthan Royals,"20,00,000 "
317,2022,Anunay Singh ,Indian ,All-Rounder , Rajasthan Royals,"20,00,000 "
318,2022,Faf Du Plessis ,Overseas ,Batsman , Royal Challengers Bangalore,"7,00,00,000 "
319,2022,Wanindu Hasaranga ,Overseas ,All-Rounder , Royal Challengers Bangalore,"10,75,00,000 "
320,2022,Harshal Patel ,Indian ,All-Rounder , Royal Challengers Bangalore,"10,75,00,000 "
321,2022,Dinesh  Karthik ,Indian ,Wicket Keeper , Royal Challengers Bangalore,"5,50,00,000 "
322,2022,Josh Hazlewood  ,Overseas ,Bowler , Royal Challengers Bangalore,"7,75,00,000 "
323,2022,Shahbaz Ahamad ,Indian ,All-Rounder , Royal Challengers Bangalore,"2,40,00,000 "
324,2022,Anuj Rawat ,Indian ,Wicket Keeper , Royal Challengers Bangalore,"3,40,00,000 "
325,2022,Akash  Deep  ,Indian ,Bowler , Royal Challengers Bangalore,"20,00,000 "
326,2022,Karn Sharma ,Indian ,Bowler , Royal Challengers Bangalore,"50,00,000 "
327,2022,Mahipal Lomror ,Indian ,All-Rounder , Royal Challengers Bangalore,"95,00,000 "
328,2022,Finn Allen ,Overseas ,Batsman , Royal Challengers Bangalore,"80,00,000 "
329,2022,Sherfane Rutherford ,Overseas ,All-Rounder , Royal Challengers Bangalore,"1,00,00,000 "
330,2022,Jason Behrendorff ,Overseas ,Bowler , Royal Challengers Bangalore,"75,00,000 "
331,2022,Siddharth  Kaul ,Indian ,Bowler , Royal Challengers Bangalore,"75,00,000 "
332,2022,Suyash Prabhudessai ,Indian ,All-Rounder , Royal Challengers Bangalore,"30,00,000 "
333,2022,Luvnith Sisodia ,Indian ,Wicket Keeper , Royal Challengers Bangalore,"20,00,000 "
334,2022,Chama Milind ,Indian ,Bowler , Royal Challengers Bangalore,"25,00,000 "
335,2022,Aneeshwar Gautam ,Indian ,All-Rounder , Royal Challengers Bangalore,"20,00,000 "
336,2022,David Willey  ,Overseas ,All-Rounder , Royal Challengers Bangalore,"2,00,00,000 "
337,2022,Washington Sundar ,Indian ,All-Rounder , Sunrisers Hyderabad,"8,75,00,000 "
338,2022,Nicholas Pooran ,Overseas ,Wicket Keeper , Sunrisers Hyderabad,"10,75,00,000 "
339,2022,Bhuvneshwar Kumar ,Indian ,Bowler , Sunrisers Hyderabad,"4,20,00,000 "
340,2022,T. Natarajan ,Indian ,Bowler , Sunrisers Hyderabad,"4,00,00,000 "
341,2022,Priyam  Garg ,Indian ,Batsman , Sunrisers Hyderabad,"20,00,000 "
342,2022,Rahul Tripathi ,Indian ,Batsman , Sunrisers Hyderabad,"8,50,00,000 "
343,2022,Abhishek Sharma ,Indian ,All-Rounder , Sunrisers Hyderabad,"6,50,00,000 "
344,2022,Vishnu Vinod ,Indian ,Wicket Keeper , Sunrisers Hyderabad,"50,00,000 "
345,2022,Kartik Tyagi ,Indian ,Bowler , Sunrisers Hyderabad,"4,00,00,000 "
346,2022,Shreyas Gopal ,Indian ,Bowler , Sunrisers Hyderabad,"75,00,000 "
347,2022,Jagadeesha Suchith ,Indian ,Bowler , Sunrisers Hyderabad,"20,00,000 "
348,2022,Aiden Markram ,Overseas ,Batsman , Sunrisers Hyderabad,"2,60,00,000 "
349,2022,Marco Jansen ,Overseas ,All-Rounder , Sunrisers Hyderabad,"4,20,00,000 "
350,2022,Romario Shepherd ,Overseas ,All-Rounder , Sunrisers Hyderabad,"7,75,00,000 "
351,2022,Glenn Phillips ,Overseas ,Wicket Keeper , Sunrisers Hyderabad,"1,50,00,000 "
352,2022,Fazalhaq Farooqi ,Overseas ,Bowler , Sunrisers Hyderabad,"50,00,000 "
353,2022,Sean Abbott ,Overseas ,Bowler , Sunrisers Hyderabad,"2,40,00,000 "
354,2022,R Samarth ,Indian ,Batsman , Sunrisers Hyderabad,"20,00,000 "
355,2022,Shashank Singh ,Indian ,All-Rounder , Sunrisers Hyderabad,"20,00,000 "
356,2022,Saurabh Dubey ,Indian ,Bowler , Sunrisers Hyderabad,"20,00,000 "
357,2021,Tom Curran ,All-Rounder ,"5,25,00,000", Delhi Capitals,
358,2021,Steven Smith ,Batsman ,"2,20,00,000", Delhi Capitals,
359,2021,Sam Billings ,Wicket Keeper ,"2,00,00,000", Delhi Capitals,
360,2021,Umesh Yadav ,Bowler ,"1,00,00,000", Delhi Capitals,
361,2021,Ripal Patel ,All-Rounder ,"20,00,000", Delhi Capitals,
362,2021,Vishnu Vinod ,Wicket Keeper ,"20,00,000", Delhi Capitals,
363,2021,Lukman Hussain Meriwala ,Bowler ,"20,00,000", Delhi Capitals,
364,2021,M Siddharth ,Bowler ,"20,00,000", Delhi Capitals,
365,2021,Shakib Al Hasan ,All-Rounder ,"3,20,00,000", Kolkata Knight Riders,
366,2021,Harbhajan Singh ,Bowler ,"2,00,00,000", Kolkata Knight Riders,
367,2021,Ben Cutting ,All-Rounder ,"75,00,000", Kolkata Knight Riders,
368,2021,Karun Nair ,Batsman ,"50,00,000", Kolkata Knight Riders,
369,2021,Pawan Negi ,All-Rounder ,"50,00,000", Kolkata Knight Riders,
370,2021,Venkatesh Iyer ,All-Rounder ,"20,00,000", Kolkata Knight Riders,
371,2021,Sheldon Jackson ,Wicket Keeper ,"20,00,000", Kolkata Knight Riders,
372,2021,Vaibhav Arora ,Bowler ,"20,00,000", Kolkata Knight Riders,
373,2021,Nathan Coulter-Nile ,Bowler ,"5,00,00,000", Mumbai Indians,
374,2021,Adam Milne ,Bowler ,"3,20,00,000", Mumbai Indians,
375,2021,Piyush Chawla ,Bowler ,"2,40,00,000", Mumbai Indians,
376,2021,James Neesham ,All-Rounder ,"50,00,000", Mumbai Indians,
377,2021,Yudhvir Charak ,All-Rounder ,"20,00,000", Mumbai Indians,
378,2021,Marco Jansen ,All-Rounder ,"20,00,000", Mumbai Indians,
379,2021,Arjun Tendulkar ,All-Rounder ," 20,00,000", Mumbai Indians,
380,2021,Jhye Richardson ,Bowler ,"14,00,00,000", Punjab Kings,
381,2021,Riley Meredith ,Bowler ,"8,00,00,000", Punjab Kings,
382,2021,Shahrukh Khan ,All-Rounder ,"5,25,00,000", Punjab Kings,
383,2021,Moises Henriques ,All-Rounder ,"4,20,00,000", Punjab Kings,
384,2021,Dawid Malan ,All-Rounder ,"1,50,00,000", Punjab Kings,
385,2021,Fabian Allen , All-Rounder ,"75,00,000", Punjab Kings,
386,2021,Jalaj Saxena ,All-Rounder ,"30,00,000", Punjab Kings,
387,2021,Saurabh Kumar ,All-Rounder ,"20,00,000", Punjab Kings,
388,2021,Utkarsh Singh ,All-Rounder ,"20,00,000", Punjab Kings,
389,2021,Christopher Morris ,All-Rounder ,"16,25,00,000", Rajasthan Royals,
390,2021,Shivam Dube ,All-Rounder ,"4,40,00,000", Rajasthan Royals,
391,2021,Chetan Sakariya ,Bowler ,"1,20,00,000", Rajasthan Royals,
392,2021,Mustafizur Rahman ,Bowler ,"1,00,00,000", Rajasthan Royals,
393,2021,Liam Livingstone ,All-Rounder ,"75,00,000", Rajasthan Royals,
394,2021,K.C Cariappa ,Bowler ,"20,00,000", Rajasthan Royals,
395,2021,Akash Singh ,Bowler,"20,00,000", Rajasthan Royals,
396,2021,Kuldip Yadav , Bowler ," 20,00,000", Rajasthan Royals,
397,2021,Kyle Jamieson ,All-Rounder ,"15,00,00,000", Royal Challengers Bangalore,
398,2021,Glenn Maxwell ,All-Rounder ,"14,25,00,000", Royal Challengers Bangalore,
399,2021,Dan Christian ,All-Rounder ,"4,80,00,000", Royal Challengers Bangalore,
400,2021,Sachin Baby ,Batsman ,"20,00,000", Royal Challengers Bangalore,
401,2021,Rajat Patidar ,Batsman ,"20,00,000", Royal Challengers Bangalore,
402,2021,Mohammed Azharudeen ,Wicket Keeper ,"20,00,000", Royal Challengers Bangalore,
403,2021,Suyash Prabhudesai ,All-Rounder ,"20,00,000", Royal Challengers Bangalore,
404,2021,Kona Srikar Bharat , Wicket Keeper," 20,00,000", Royal Challengers Bangalore,
405,2021,Kedar Jadhav ,All-Rounder ,"2,00,00,000", Sunrisers Hyderabad,
406,2021,Mujeeb Zadran ,Bowler ,"1,50,00,000", Sunrisers Hyderabad,
407,2021,J Suchith ,Bowler ,"30,00,000", Sunrisers Hyderabad,
408,2020,Shimron Hetmyer,Batsman,"7,75,00,000", Delhi Capitals,
409,2020,Marcus Stoinis,All-Rounder,"4,80,00,000", Delhi Capitals,
410,2020,Alex Carey,Wicket Keeper,"2,40,00,000", Delhi Capitals,
411,2020,Jason Roy,Batsman,"1,50,00,000", Delhi Capitals,
412,2020,Chris Woakes,All-Rounder,"1,50,00,000", Delhi Capitals,
413,2020,Mohit Sharma,Bowler,"50,00,000", Delhi Capitals,
414,2020,Tushar Deshpande,Bowler,"20,00,000", Delhi Capitals,
415,2020,Lalit Yadav,All-Rounder,"20,00,000", Delhi Capitals,
416,2020,Glenn Maxwell,All-Rounder,"10,75,00,000", Kings XI Punjab,
417,2020,Sheldon Cottrell,Bowler,"8,50,00,000", Kings XI Punjab,
418,2020,Chris Jordan,All-Rounder,"3,00,00,000", Kings XI Punjab,
419,2020,Ravi Bishnoi,Bowler,"2,00,00,000", Kings XI Punjab,
420,2020,Prabhsimran Singh,Wicket Keeper,"55,00,000", Kings XI Punjab,
421,2020,Deepak Hooda,All-Rounder,"50,00,000", Kings XI Punjab,
422,2020,James Neesham,All-Rounder,"50,00,000", Kings XI Punjab,
423,2020,Tajinder Dhillon,All-Rounder,"20,00,000", Kings XI Punjab,
424,2020,Ishan Porel,Bowler,"20,00,000", Kings XI Punjab,
425,2020,Pat Cummins,All-Rounder,"15,50,00,000", Kolkata Knight Riders,
426,2020,Eoin Morgan,Batsman,"5,25,00,000", Kolkata Knight Riders,
427,2020,Varun Chakaravarthy,All-Rounder,"4,00,00,000", Kolkata Knight Riders,
428,2020,Tom Banton,Batsman,"1,00,00,000", Kolkata Knight Riders,
429,2020,Rahul Tripathi,Batsman,"60,00,000", Kolkata Knight Riders,
430,2020,Chris Green,All-Rounder,"20,00,000", Kolkata Knight Riders,
431,2020,Nikhil Shankar Naik,Wicket Keeper,"20,00,000", Kolkata Knight Riders,
432,2020,Pravin Tambe,Bowler,"20,00,000", Kolkata Knight Riders,
433,2020,M Siddharth,Bowler,"20,00,000", Kolkata Knight Riders,
434,2020,Nathan Coulter-Nile,Bowler,"8,00,00,000", Mumbai Indians,
435,2020,Chris Lynn,Batsman,"2,00,00,000", Mumbai Indians,
436,2020,Saurabh Tiwary,Batsman,"50,00,000", Mumbai Indians,
437,2020,Digvijay Deshmukh,All-Rounder,"20,00,000", Mumbai Indians,
438,2020,Prince Balwant Rai Singh,All-Rounder,"20,00,000", Mumbai Indians,
439,2020,Mohsin Khan,Bowler,"20,00,000", Mumbai Indians,
440,2020,Robin Uthappa,Batsman,"3,00,00,000", Rajasthan Royals,
441,2020,Jaydev Unadkat,Bowler,"3,00,00,000", Rajasthan Royals,
442,2020,Yashasvi Jaiswal,All-Rounder,"2,40,00,000", Rajasthan Royals,
443,2020,Kartik Tyagi,Bowler,"1,30,00,000", Rajasthan Royals,
444,2020,Tom Curran,All-Rounder,"1,00,00,000", Rajasthan Royals,
445,2020,Andrew Tye,Bowler,"1,00,00,000", Rajasthan Royals,
446,2020,Anuj Rawat,Wicket Keeper,"80,00,000", Rajasthan Royals,
447,2020,David Miller,Batsman,"75,00,000", Rajasthan Royals,
448,2020,Oshane Thomas ,Bowler,"50,00,000", Rajasthan Royals,
449,2020,Anirudha Ashok Joshi,All-Rounder,"20,00,000", Rajasthan Royals,
450,2020,Akash Singh,Bowler,"20,00,000", Rajasthan Royals,
451,2020,Christopher Morris,All-Rounder,"10,00,00,000", Royal Challengers Bangalore,
452,2020,Aaron Finch,Batsman,"4,40,00,000", Royal Challengers Bangalore,
453,2020,Kane Richardson,Bowler,"4,00,00,000", Royal Challengers Bangalore,
454,2020,Dale Steyn,Bowler,"2,00,00,000", Royal Challengers Bangalore,
455,2020,Isuru Udana,All-Rounder,"50,00,000", Royal Challengers Bangalore,
456,2020,Shahbaz Ahamad,Wicket Keeper,"20,00,000", Royal Challengers Bangalore,
457,2020,Joshua Philippe,Wicket Keeper,"20,00,000", Royal Challengers Bangalore,
458,2020,Pavan Deshpande,All-Rounder,"20,00,000", Royal Challengers Bangalore,
459,2020,Mitchell Marsh,All-Rounder,"2,00,00,000", Sunrisers Hyderabad,
460,2020,Priyam Garg,Batsman,"1,90,00,000", Sunrisers Hyderabad,
461,2020,Virat Singh,Batsman,"1,90,00,000", Sunrisers Hyderabad,
462,2020,Fabian Allen,All-Rounder,"50,00,000", Sunrisers Hyderabad,
463,2020,Sandeep Bavanaka,All-Rounder,"20,00,000", Sunrisers Hyderabad,
464,2020,Sanjay Yadav,All-Rounder,"20,00,000", Sunrisers Hyderabad,
465,2020,Abdul Samad,All-Rounder,"20,00,000", Sunrisers Hyderabad,
466,2019,Colin Ingram,Batsman,"6,40,00,000", Delhi Capitals,
467,2019,Axar Rajesh Patel,All-Rounder,"5,00,00,000", Delhi Capitals,
468,2019,Hanuma Vihari,Batsman,"2,00,00,000", Delhi Capitals,
469,2019,Sherfane Rutherford,All-Rounder,"2,00,00,000", Delhi Capitals,
470,2019,Ishant Sharma,Bowler,"1,10,00,000", Delhi Capitals,
471,2019,Keemo Paul,All-Rounder,"50,00,000", Delhi Capitals,
472,2019,Jalaj Saxena,All-Rounder,"20,00,000", Delhi Capitals,
473,2019,Ankush Bains,Wicket Keeper,"20,00,000", Delhi Capitals,
474,2019,Nathu Singh,Bowler,"20,00,000", Delhi Capitals,
475,2019,Bandaru Ayyappa,Bowler,"20,00,000", Delhi Capitals,
476,2019,Varun Chakaravarthy,All-Rounder,"8,40,00,000",Kings XI Punjab,
477,2019,Sam Curran,All-Rounder,"7,20,00,000",Kings XI Punjab,
478,2019,Mohammad Shami,Bowler,"4,80,00,000",Kings XI Punjab,
479,2019,Prabhsimran Singh,Wicket Keeper,"4,80,00,000",Kings XI Punjab,
480,2019,Nicolas Pooran,Wicket Keeper,"4,20,00,000",Kings XI Punjab,
481,2019,Moises Henriques,All-Rounder,"1,00,00,000",Kings XI Punjab,
482,2019,Hardus Viljoen,Bowler,"75,00,000",Kings XI Punjab,
483,2019,Darshan Nalkande,All-Rounder,"30,00,000",Kings XI Punjab,
484,2019,Sarfaraz Naushad Khan,All-Rounder,"25,00,000",Kings XI Punjab,
485,2019,Arshdeep Singh ,Bowler,"20,00,000",Kings XI Punjab,
486,2019,Agnivesh Ayachi,All-Rounder,"20,00,000",Kings XI Punjab,
487,2019,Harpreet Brar,All-Rounder,"20,00,000",Kings XI Punjab,
488,2019,M. Ashwin,Bowler,"20,00,000",Kings XI Punjab,
489,2019,Carlos Brathwaite,All-Rounder,"5,00,00,000", Kolkata Knight Riders,
490,2019,Lockie Ferguson ,Bowler,"1,60,00,000", Kolkata Knight Riders,
491,2019,Joe Denly ,Batsman,"1,00,00,000", Kolkata Knight Riders,
492,2019,Harry Gurney,Bowler,"75,00,000", Kolkata Knight Riders,
493,2019,Nikhil Shankar Naik,Wicket Keeper,"20,00,000", Kolkata Knight Riders,
494,2019,Shrikant Mundhe,All-Rounder,"20,00,000", Kolkata Knight Riders,
495,2019,Prithvi Raj Yarra,Bowler,"20,00,000", Kolkata Knight Riders,
496,2019,Anrich Nortje,Bowler,"20,00,000", Kolkata Knight Riders,
497,2019,Barinder Singh Sran,Bowler,"3,40,00,000", Mumbai Indians,
498,2019,Lasith Malinga,Bowler,"2,00,00,000", Mumbai Indians,
499,2019,Yuvraj Singh,All-Rounder,"1,00,00,000", Mumbai Indians,
500,2019,Anmolpreet Singh,Batsman,"80,00,000", Mumbai Indians,
501,2019,Pankaj Jaswal,All-Rounder,"20,00,000", Mumbai Indians,
502,2019,Rasikh Dar,Bowler,"20,00,000", Mumbai Indians,
503,2019,Jaydev Unadkat,Bowler,"8,40,00,000", Rajasthan Royals,
504,2019,Varun Aaron,Bowler,"2,40,00,000", Rajasthan Royals,
505,2019,Oshane Thomas ,Bowler,"1,10,00,000", Rajasthan Royals,
506,2019,Ashton Turner,All-Rounder,"50,00,000", Rajasthan Royals,
507,2019,Liam Livingstone,All-Rounder,"50,00,000", Rajasthan Royals,
508,2019,Shashank Singh,All-Rounder,"30,00,000", Rajasthan Royals,
509,2019,Riyan Parag,All-Rounder,"20,00,000", Rajasthan Royals,
510,2019,Manan Vohra,Batsman,"20,00,000", Rajasthan Royals,
511,2019,Shubham Ranjane,All-Rounder,"20,00,000", Rajasthan Royals,
512,2019,Shivam Dube,All-Rounder,"5,00,00,000", Royal Challengers Bangalore,
513,2019,Shimron Hetmyer,Batsman,"4,20,00,000", Royal Challengers Bangalore,
514,2019,Akshdeep Nath,All-Rounder,"3,60,00,000", Royal Challengers Bangalore,
515,2019,Prayas Ray Barman,All-Rounder,"1,50,00,000", Royal Challengers Bangalore,
516,2019,Himmat Singh,Batsman,"65,00,000", Royal Challengers Bangalore,
517,2019,Gurkeerat Singh Mann,All-Rounder,"50,00,000", Royal Challengers Bangalore,
518,2019,Heinrich Klaasen,Wicket Keeper,"50,00,000", Royal Challengers Bangalore,
519,2019,Devdutt Padikkal,Batsman,"20,00,000", Royal Challengers Bangalore,
520,2019,Milind Kumar,All-Rounder,"20,00,000", Royal Challengers Bangalore,
521,2019,Jonny Bairstow ,Wicket Keeper,"2,20,00,000", Sunrisers Hyderabad,
522,2019,Wriddhiman Saha,Wicket Keeper,"1,20,00,000", Sunrisers Hyderabad,
523,2019,Martin Guptill,Batsman,"1,00,00,000", Sunrisers Hyderabad,
524,2018,Glenn Maxwell,All-Rounder,"9,00,00,000",Delhi Daredevils,
525,2018,Kagiso Rabada,Bowler,"4,20,00,000",Delhi Daredevils,
526,2018,Amit Mishra,Bowler,"4,00,00,000",Delhi Daredevils,
527,2018,Shahbaz Nadeem,Bowler,"3,20,00,000",Delhi Daredevils,
528,2018,Vijay Shankar,All-Rounder,"3,20,00,000",Delhi Daredevils,
529,2018,Rahul Tewatia,All-Rounder,"3,00,00,000",Delhi Daredevils,
530,2018,Mohammad Shami,Bowler,"3,00,00,000",Delhi Daredevils,
531,2018,Gautam Gambhir,Batsman,"2,80,00,000",Delhi Daredevils,
532,2018,Trent Boult,Bowler,"2,20,00,000",Delhi Daredevils,
533,2018,Colin Munro,All-Rounder,"1,90,00,000",Delhi Daredevils,
534,2018,Daniel Christian,All-Rounder,"1,50,00,000",Delhi Daredevils,
535,2018,Jason Roy,Batsman,"1,50,00,000",Delhi Daredevils,
536,2018,Naman Ojha,Wicket Keeper,"1,40,00,000",Delhi Daredevils,
537,2018,Prithvi Shaw,Batsman,"1,20,00,000",Delhi Daredevils,
538,2018,Gurkeerat Singh Mann,All-Rounder,"75,00,000",Delhi Daredevils,
539,2018,Avesh Khan,Bowler,"70,00,000",Delhi Daredevils,
540,2018,Abhishek Sharma,All-Rounder,"55,00,000",Delhi Daredevils,
541,2018,Jayant Yadav,All-Rounder,"50,00,000",Delhi Daredevils,
542,2018,Harshal Patel,All-Rounder,"20,00,000",Delhi Daredevils,
543,2018,Manjot Kalra,Batsman,"20,00,000",Delhi Daredevils,
544,2018,Sandeep Lamichhane,Bowler,"20,00,000",Delhi Daredevils,
545,2018,Sayan Ghosh,Bowler,"20,00,000",Delhi Daredevils,
546,2018,KL Rahul,Batsman,"11,00,00,000",Kings XI Punjab,
547,2018,Ravichandran Ashwin,All-Rounder,"7,60,00,000",Kings XI Punjab,
548,2018,Andrew Tye,Bowler,"7,20,00,000",Kings XI Punjab,
549,2018,Aaron Finch,Batsman,"6,20,00,000",Kings XI Punjab,
550,2018,Marcus Stoinis,All-Rounder,"6,20,00,000",Kings XI Punjab,
551,2018,Karun Nair,Batsman,"5,60,00,000",Kings XI Punjab,
552,2018,Mujeeb Zadran,Bowler,"4,00,00,000",Kings XI Punjab,
553,2018,Ankit Singh Rajpoot,Bowler,"3,00,00,000",Kings XI Punjab,
554,2018,David Miller,Batsman,"3,00,00,000",Kings XI Punjab,
555,2018,Mohit Sharma,Bowler,"2,40,00,000",Kings XI Punjab,
556,2018,Barinder Singh Sran,Bowler,"2,20,00,000",Kings XI Punjab,
557,2018,Yuvraj Singh,All-Rounder,"2,00,00,000",Kings XI Punjab,
558,2018,Christopher Gayle,Batsman,"2,00,00,000",Kings XI Punjab,
559,2018,Ben Dwarshuis,Bowler,"1,40,00,000",Kings XI Punjab,
560,2018,Akshdeep Nath,All-Rounder,"1,00,00,000",Kings XI Punjab,
561,2018,Manoj Tiwary,Batsman,"1,00,00,000",Kings XI Punjab,
562,2018,Mayank Agarwal,Batsman,"1,00,00,000",Kings XI Punjab,
563,2018,Manzoor Dar,All-Rounder,"20,00,000",Kings XI Punjab,
564,2018,Pardeep Sahu,Bowler,"20,00,000",Kings XI Punjab,
565,2018,Mayank Dagar,All-Rounder,"20,00,000",Kings XI Punjab,
566,2018,Chris Lynn,Batsman,"9,60,00,000", Kolkata Knight Riders,
567,2018,Mitchell Starc,Bowler,"9,40,00,000", Kolkata Knight Riders,
568,2018,Dinesh Karthik,Wicket Keeper,"7,40,00,000", Kolkata Knight Riders,
569,2018,Robin Uthappa,Wicket Keeper,"6,40,00,000", Kolkata Knight Riders,
570,2018,Kuldeep Singh Yadav,Bowler,"5,80,00,000", Kolkata Knight Riders,
571,2018,Piyush Chawla,Bowler,"4,20,00,000", Kolkata Knight Riders,
572,2018,Nitish Rana,All-Rounder,"3,40,00,000", Kolkata Knight Riders,
573,2018,Kamlesh Nagarkoti,All-Rounder,"3,20,00,000", Kolkata Knight Riders,
574,2018,Shivam Mavi,All-Rounder,"3,00,00,000", Kolkata Knight Riders,
575,2018,Mitchell Johnson,Bowler,"2,00,00,000", Kolkata Knight Riders,
576,2018,Shubman Gill,Batsman,"1,80,00,000", Kolkata Knight Riders,
577,2018,Ranganath Vinay Kumar,Bowler,"1,00,00,000", Kolkata Knight Riders,
578,2018,Rinku Singh,Batsman,"80,00,000", Kolkata Knight Riders,
579,2018,Cameron Delport,All-Rounder,"30,00,000", Kolkata Knight Riders,
580,2018,Javon Searless,All-Rounder,"30,00,000", Kolkata Knight Riders,
581,2018,Apoorv Vijay Wankhade,Batsman,"20,00,000", Kolkata Knight Riders,
582,2018,Ishank Jaggi,Batsman,"20,00,000", Kolkata Knight Riders,
583,2018,Krunal Pandya,All-Rounder,"8,80,00,000", Mumbai Indians,
584,2018,Ishan Kishan,Wicket Keeper,"6,20,00,000", Mumbai Indians,
585,2018,Kieron Pollard,All-Rounder,"5,40,00,000", Mumbai Indians,
586,2018,Pat Cummins,Bowler,"5,40,00,000", Mumbai Indians,
587,2018,Evin Lewis,Batsman,"3,80,00,000", Mumbai Indians,
588,2018,Suryakumar Yadav,Batsman,"3,20,00,000", Mumbai Indians,
589,2018,Ben Cutting,All-Rounder,"2,20,00,000", Mumbai Indians,
590,2018,Mustafizur Rahman,Bowler,"2,20,00,000", Mumbai Indians,
591,2018,Rahul Chahar,Bowler,"1,90,00,000", Mumbai Indians,
592,2018,Pradeep Sangwan,Bowler,"1,50,00,000", Mumbai Indians,
593,2018,Jason Behrendorff,Bowler,"1,50,00,000", Mumbai Indians,
594,2018,Jean-Paul Duminy,All-Rounder,"1,00,00,000", Mumbai Indians,
595,2018,Saurabh Tiwary,Batsman,"80,00,000", Mumbai Indians,
596,2018,Tajinder Dhillon,All-Rounder,"55,00,000", Mumbai Indians,
597,2018,Akila Dhananjaya,Bowler,"50,00,000", Mumbai Indians,
598,2018,Nidheesh M D Dinesan,Bowler,"20,00,000", Mumbai Indians,
599,2018,Aditya Tare,Wicket Keeper,"20,00,000", Mumbai Indians,
600,2018,Siddhesh Dinesh Lad,Batsman,"20,00,000", Mumbai Indians,
601,2018,Mayank Markande,Bowler,"20,00,000", Mumbai Indians,
602,2018,Sharad Lumba ,Batsman,"20,00,000", Mumbai Indians,
603,2018,Anukul Roy,All-Rounder,"20,00,000", Mumbai Indians,
604,2018,Mohsin Khan,Bowler,"20,00,000", Mumbai Indians,
605,2018,Benjamin Stokes,All-Rounder,"12,50,00,000", Rajasthan Royals,
606,2018,Jaydev Unadkat,Bowler,"11,50,00,000", Rajasthan Royals,
607,2018,Sanju Samson,Wicket Keeper,"8,00,00,000", Rajasthan Royals,
608,2018,Jofra Archer,All-Rounder,"7,20,00,000", Rajasthan Royals,
609,2018,Krishnappa Gowtham,Bowler,"6,20,00,000", Rajasthan Royals,
610,2018,Jos Buttler,Wicket Keeper,"4,40,00,000", Rajasthan Royals,
611,2018,Ajinkya Rahane,Batsman,"4,00,00,000", Rajasthan Royals,
612,2018,Darcy Short,All-Rounder,"4,00,00,000", Rajasthan Royals,
613,2018,Rahul Tripathi,Batsman,"3,40,00,000", Rajasthan Royals,
614,2018,Dhawal Kulkarni,Bowler,"75,00,000", Rajasthan Royals,
615,2018,Zahir Khan Pakteen,Bowler,"60,00,000", Rajasthan Royals,
616,2018,Ben Laughlin,Bowler,"50,00,000", Rajasthan Royals,
617,2018,Stuart Binny,All-Rounder,"50,00,000", Rajasthan Royals,
618,2018,Dushmantha Chameera,Bowler,"50,00,000", Rajasthan Royals,
619,2018,Anureet Singh,Bowler,"30,00,000", Rajasthan Royals,
620,2018,Aryaman Vikram Birla,All-Rounder,"30,00,000", Rajasthan Royals,
621,2018,Midhun S,All-Rounder,"20,00,000", Rajasthan Royals,
622,2018,Shreyas Gopal,All-Rounder,"20,00,000", Rajasthan Royals,
623,2018,Prashant Chopra,Wicket Keeper,"20,00,000", Rajasthan Royals,
624,2018,Jatin Saxena,All-Rounder,"20,00,000", Rajasthan Royals,
625,2018,Ankit Sharma,All-Rounder,"20,00,000", Rajasthan Royals,
626,2018,Mahipal Lomror,All-Rounder,"20,00,000", Rajasthan Royals,
627,2018,Chris Woakes,All-Rounder,"7,40,00,000", Royal Challengers Bangalore,
628,2018,Yuzvendra Singh Chahal,Bowler,"6,00,00,000", Royal Challengers Bangalore,
629,2018,Umesh Yadav,Bowler,"4,20,00,000", Royal Challengers Bangalore,
630,2018,Brendon McCullum,Batsman,"3,60,00,000", Royal Challengers Bangalore,
631,2018,M.S. Washington Sundar,All-Rounder,"3,20,00,000", Royal Challengers Bangalore,
632,2018,Navdeep Saini,Bowler,"3,00,00,000", Royal Challengers Bangalore,
633,2018,Quinton De Kock,Wicket Keeper,"2,80,00,000", Royal Challengers Bangalore,
634,2018,Mohammed Siraj,Bowler,"2,60,00,000", Royal Challengers Bangalore,
635,2018,Nathan Coulter-Nile,Bowler,"2,20,00,000", Royal Challengers Bangalore,
636,2018,Colin De Grandhomme,All-Rounder,"2,20,00,000", Royal Challengers Bangalore,
637,2018,M. Ashwin,Bowler,"2,20,00,000", Royal Challengers Bangalore,
638,2018,Parthiv Patel,Wicket Keeper,"1,70,00,000", Royal Challengers Bangalore,
639,2018,Moeen Ali,All-Rounder,"1,70,00,000", Royal Challengers Bangalore,
640,2018,Mandeep Singh,All-Rounder,"1,40,00,000", Royal Challengers Bangalore,
641,2018,Manan Vohra,Batsman,"1,10,00,000", Royal Challengers Bangalore,
642,2018,Pawan Negi,All-Rounder,"1,00,00,000", Royal Challengers Bangalore,
643,2018,Tim Southee,Bowler,"1,00,00,000", Royal Challengers Bangalore,
644,2018,Kulwant Khejroliya,Bowler,"85,00,000", Royal Challengers Bangalore,
645,2018,Aniket Choudhary,Bowler,"30,00,000", Royal Challengers Bangalore,
646,2018,Pavan Deshpande,All-Rounder,"20,00,000", Royal Challengers Bangalore,
647,2018,Anirudha Ashok Joshi,All-Rounder,"20,00,000", Royal Challengers Bangalore,
648,2018,Manish Pandey,Batsman,"11,00,00,000", Sunrisers Hyderabad,
649,2018,Rashid Khan Arman,Bowler,"9,00,00,000", Sunrisers Hyderabad,
650,2018,Shikhar Dhawan,Batsman,"5,20,00,000", Sunrisers Hyderabad,
651,2018,Wriddhiman Saha,Wicket Keeper,"5,00,00,000", Sunrisers Hyderabad,
652,2018,Siddarth Kaul,Bowler,"3,80,00,000", Sunrisers Hyderabad,
653,2018,Deepak Hooda,All-Rounder,"3,60,00,000", Sunrisers Hyderabad,
654,2018,Syed Khaleel Ahmed,Bowler,"3,00,00,000", Sunrisers Hyderabad,
655,2018,Sandeep Sharma,Bowler,"3,00,00,000", Sunrisers Hyderabad,
656,2018,Kane Williamson,Batsman,"3,00,00,000", Sunrisers Hyderabad,
657,2018,Carlos Brathwaite,All-Rounder,"2,00,00,000", Sunrisers Hyderabad,
658,2018,Shakib Al Hasan,All-Rounder,"2,00,00,000", Sunrisers Hyderabad,
659,2018,Yusuf Pathan,All-Rounder,"1,90,00,000", Sunrisers Hyderabad,
660,2018,Shreevats Goswami,Wicket Keeper,"1,00,00,000", Sunrisers Hyderabad,
661,2018,Mohammad Nabi,All-Rounder,"1,00,00,000", Sunrisers Hyderabad,
662,2018,Chris Jordan,All-Rounder,"1,00,00,000", Sunrisers Hyderabad,
663,2018,Basil Thampi,Bowler,"95,00,000", Sunrisers Hyderabad,
664,2018,Billy Stanlake,Batsman,"50,00,000", Sunrisers Hyderabad,
665,2018,T Natarajan,Bowler,"40,00,000", Sunrisers Hyderabad,
666,2018,Sachin Baby,Batsman,"20,00,000", Sunrisers Hyderabad,
667,2018,Bipul Sharma,All-Rounder,"20,00,000", Sunrisers Hyderabad,
668,2018,Syed Mehdi Hasan,All-Rounder,"20,00,000", Sunrisers Hyderabad,
669,2018,Ricky Bhui,Batsman,"20,00,000", Sunrisers Hyderabad,
670,2018,Tanmay Agarwal,Batsman,"20,00,000", Sunrisers Hyderabad,
671,2017,Jason Roy,Batsman,"1,00,00,000",Gujarat Lions,
672,2017,Basil Thampi,Bowler,"85,00,000",Gujarat Lions,
673,2017,Manpreet Gony,Bowler,"60,00,000",Gujarat Lions,
674,2017,Nathu Singh,Bowler,"50,00,000",Gujarat Lions,
675,2017,Munaf Patel,Bowler,"30,00,000",Gujarat Lions,
676,2017,Akshdeep Nath,All-Rounder,"10,00,000",Gujarat Lions,
677,2017,Shubam Agrawal,All-Rounder,"10,00,000",Gujarat Lions,
678,2017,Tejas Singh Baroka,Bowler,"10,00,000",Gujarat Lions,
679,2017,Chirag Suri,Batsman,"10,00,000",Gujarat Lions,
680,2017,Pratham Singh,All-Rounder,"10,00,000",Gujarat Lions,
681,2017,Shelley Shaurya,Bowler,"10,00,000",Gujarat Lions,
682,2017,T Natarajan,Bowler,"3,00,00,000",Kings XI Punjab,
683,2017,Varun Aaron,Bowler,"2,80,00,000",Kings XI Punjab,
684,2017,Eoin Morgan,Batsman,"2,00,00,000",Kings XI Punjab,
685,2017,Matt Henry,Bowler,"50,00,000",Kings XI Punjab,
686,2017,Martin Guptill,Batsman,"50,00,000",Kings XI Punjab,
687,2017,Darren Sammy,All-Rounder,"30,00,000",Kings XI Punjab,
688,2017,Rahul Tewatia,All-Rounder,"25,00,000",Kings XI Punjab,
689,2017,Rinku Singh,Batsman,"10,00,000",Kings XI Punjab,
690,2017,Trent Boult,Bowler,"5,00,00,000",Kolkata Knight Riders,
691,2017,Chris Woakes,All-Rounder,"4,20,00,000",Kolkata Knight Riders,
692,2017,Nathan Coulter-Nile,Bowler,"3,50,00,000",Kolkata Knight Riders,
693,2017,Rishi Dhawan,All-Rounder,"55,00,000",Kolkata Knight Riders,
694,2017,Darren Bravo,Batsman,"50,00,000",Kolkata Knight Riders,
695,2017,Rovman Powell,All-Rounder,"30,00,000",Kolkata Knight Riders,
696,2017,Sayan Ghosh,Bowler,"10,00,000",Kolkata Knight Riders,
697,2017,R. Sanjay Yadav,All-Rounder,"10,00,000",Kolkata Knight Riders,
698,2017,Ishank Jaggi,Batsman,"10,00,000",Kolkata Knight Riders,
699,2017,Karn Sharma,All-Rounder,"3,20,00,000",Mumbai Indians,
700,2017,Krishnappa Gowtham,All-Rounder,"2,00,00,000",Mumbai Indians,
701,2017,Mitchell Johnson,Bowler,"2,00,00,000",Mumbai Indians,
702,2017,Asela Gunarathna,Batsman,"30,00,000",Mumbai Indians,
703,2017,Saurabh Tiwary,Batsman,"30,00,000",Mumbai Indians,
704,2017,Nicolas Pooran,Wicket Keeper,"30,00,000",Mumbai Indians,
705,2017,Kulwant Khejroliya,Bowler,"10,00,000",Mumbai Indians,
706,2017,Benjamin Stokes,All-Rounder,"14,50,00,000",Rising Pune Supergiant,
707,2017,Daniel Christian,All-Rounder,"1,00,00,000",Rising Pune Supergiant,
708,2017,Manoj Tiwary,Batsman,"50,00,000",Rising Pune Supergiant,
709,2017,Lockie Ferguson ,Bowler,"50,00,000",Rising Pune Supergiant,
710,2017,Jaydev Unadkat,Bowler,"30,00,000",Rising Pune Supergiant,
711,2017,Rahul Chahar,Bowler,"10,00,000",Rising Pune Supergiant,
712,2017,Saurabh Kumar,Bowler,"10,00,000",Rising Pune Supergiant,
713,2017,Milind Tandon,All-Rounder,"10,00,000",Rising Pune Supergiant,
714,2017,Rahul Ajay Tripathi,All-Rounder,"10,00,000",Rising Pune Supergiant,
715,2017,Tymal Mills,Bowler,"12,00,00,000", Royal Challengers Bangalore,
716,2017,Aniket Choudhary,Bowler,"2,00,00,000", Royal Challengers Bangalore,
717,2017,Pawan Negi,All-Rounder,"1,00,00,000", Royal Challengers Bangalore,
718,2017,Billy Stanlake,Bowler,"30,00,000", Royal Challengers Bangalore,
719,2017,Praveen Dubey,All-Rounder,"10,00,000", Royal Challengers Bangalore,
720,2017,Rashid Khan Arman,Bowler,"4,00,00,000", Sunrisers Hyderabad,
721,2017,Mohammed Siraj,Bowler,"2,60,00,000", Sunrisers Hyderabad,
722,2017,Eklavya Dwivedi,Wicket Keeper,"75,00,000", Sunrisers Hyderabad,
723,2017,Chris Jordan,All-Rounder,"50,00,000", Sunrisers Hyderabad,
724,2017,Mohammad Nabi,All-Rounder,"30,00,000", Sunrisers Hyderabad,
725,2017,Ben Laughlin,Bowler,"30,00,000", Sunrisers Hyderabad,
726,2017,Pravin Tambe,Bowler,"10,00,000", Sunrisers Hyderabad,
727,2017,Tanmay Agarwal,Batsman,"10,00,000", Sunrisers Hyderabad,
728,2016,Praveen Kumar,Bowler,"3,50,00,000",Gujarat Lions,
729,2016,Dale Steyn,Bowler,"2,30,00,000",Gujarat Lions,
730,2016,Dinesh Karthik,Wicket Keeper,"2,30,00,000",Gujarat Lions,
731,2016,Dwayne Smith,All-Rounder,"2,30,00,000",Gujarat Lions,
732,2016,Dhawal Kulkarni,Bowler,"2,00,00,000",Gujarat Lions,
733,2016,Aaron Finch,Batsman,"1,00,00,000",Gujarat Lions,
734,2016,Eklavya Dwivedi,Wicket Keeper,"1,00,00,000",Gujarat Lions,
735,2016,Andrew Tye,All-Rounder,"50,00,000",Gujarat Lions,
736,2016,Ishan Kishan,Wicket Keeper,"35,00,000",Gujarat Lions,
737,2016,Jaydev Shah,All-Rounder,"20,00,000",Gujarat Lions,
738,2016,Shadab Jakati,All-Rounder,"20,00,000",Gujarat Lions,
739,2016,Pravin Tambe,Bowler,"20,00,000",Gujarat Lions,
740,2016,Pradeep Sangwan,All-Rounder,"20,00,000",Gujarat Lions,
741,2016,Amit Mishra,Bowler,"10,00,000",Gujarat Lions,
742,2016,Shivil Kaushik,Bowler,"10,00,000",Gujarat Lions,
743,2016,Akshdeep Nath,All-Rounder,"10,00,000",Gujarat Lions,
744,2016,Sarabjit Ladda,Bowler,"10,00,000",Gujarat Lions,
745,2016,Umang Sharma,Batsman,"10,00,000",Gujarat Lions,
746,2016,Paras Dogra,Batsman,"10,00,000",Gujarat Lions,
747,2016,Mohit Sharma,Bowler,"6,50,00,000",Kings XI Punjab,
748,2016,Kyle Abbott,Bowler,"2,10,00,000",Kings XI Punjab,
749,2016,K.C. Cariappa,Bowler,"80,00,000",Kings XI Punjab,
750,2016,Marcus Stoinis,All-Rounder,"55,00,000",Kings XI Punjab,
751,2016,Farhaan Behardien,All-Rounder,"30,00,000",Kings XI Punjab,
752,2016,Pardeep Sahu,All-Rounder,"10,00,000",Kings XI Punjab,
753,2016,Armaan Jaffer,Batsman,"10,00,000",Kings XI Punjab,
754,2016,Swapnil Singh,All-Rounder,"10,00,000",Kings XI Punjab,
755,2016,Jaydev Unadkat,Bowler,"1,60,00,000",Kolkata Knight Riders,
756,2016,Ankit Singh Rajpoot,Bowler,"1,50,00,000",Kolkata Knight Riders,
757,2016,John Hastings,Bowler,"1,30,00,000",Kolkata Knight Riders,
758,2016,Jason Holder,All-Rounder,"70,00,000",Kolkata Knight Riders,
759,2016,Colin Munro,All-Rounder,"30,00,000",Kolkata Knight Riders,
760,2016,Rajagopal Sathish,All-Rounder,"20,00,000",Kolkata Knight Riders,
761,2016,Manan Ajay Sharma,All-Rounder,"10,00,000",Kolkata Knight Riders,
762,2016,Jos Buttler,Wicket Keeper,"3,80,00,000",Mumbai Indians,
763,2016,Nathu Singh,Bowler,"3,20,00,000",Mumbai Indians,
764,2016,Tim Southee,Bowler,"2,50,00,000",Mumbai Indians,
765,2016,Krunal Pandya,All-Rounder,"2,00,00,000",Mumbai Indians,
766,2016,Kishore Pramod Kamath,All-Rounder,"1,40,00,000",Mumbai Indians,
767,2016,Deepak Punia,All-Rounder,"10,00,000",Mumbai Indians,
768,2016,Jitesh Sharma,Wicket Keeper,"10,00,000",Mumbai Indians,
769,2016,Mitchell Marsh,All-Rounder,"4,80,00,000",Rising Pune Supergiant,
770,2016,M. Ashwin,Bowler,"4,50,00,000",Rising Pune Supergiant,
771,2016,Ishant Sharma,Bowler,"3,80,00,000",Rising Pune Supergiant,
772,2016,Kevin Pietersen,Batsman,"3,50,00,000",Rising Pune Supergiant,
773,2016,Irfan Pathan,All-Rounder,"1,00,00,000",Rising Pune Supergiant,
774,2016,Thisara Perera,All-Rounder,"1,00,00,000",Rising Pune Supergiant,
775,2016,Rajat Bhatia,All-Rounder,"60,00,000",Rising Pune Supergiant,
776,2016,Ashok Dinda,Bowler,"50,00,000",Rising Pune Supergiant,
777,2016,Scott Boland,Bowler,"50,00,000",Rising Pune Supergiant,
778,2016,Peter Handscomb,Wicket Keeper,"30,00,000",Rising Pune Supergiant,
779,2016,Rudra Pratap Singh,Bowler,"30,00,000",Rising Pune Supergiant,
780,2016,Adam Zampa,Bowler,"30,00,000",Rising Pune Supergiant,
781,2016,Ishwar Chandra Pandey,Bowler,"20,00,000",Rising Pune Supergiant,
782,2016,Deepak Chahar,All-Rounder,"10,00,000",Rising Pune Supergiant,
783,2016,Jaskaran Singh,Bowler,"10,00,000",Rising Pune Supergiant,
784,2016,Baba Aparajith,All-Rounder,"10,00,000",Rising Pune Supergiant,
785,2016,Ankush Bains,Wicket Keeper,"10,00,000",Rising Pune Supergiant,
786,2016,Ankit Sharma,All-Rounder,"10,00,000",Rising Pune Supergiant,
787,2016,Shane Watson,All-Rounder,"9,50,00,000", Royal Challengers Bangalore,
788,2016,Stuart Binny,All-Rounder,"2,00,00,000", Royal Challengers Bangalore,
789,2016,Kane Richardson,Bowler,"2,00,00,000", Royal Challengers Bangalore,
790,2016,Samuel Badree,Bowler,"50,00,000", Royal Challengers Bangalore,
791,2016,Travis Head,Batsman,"50,00,000", Royal Challengers Bangalore,
792,2016,Praveen Dubey,All-Rounder,"35,00,000", Royal Challengers Bangalore,
793,2016,Vikramjeet Malik,Bowler,"20,00,000", Royal Challengers Bangalore,
794,2016,Akshay Karnewar,All-Rounder,"10,00,000", Royal Challengers Bangalore,
795,2016,Iqbal Abdullah,All-Rounder,"10,00,000", Royal Challengers Bangalore,
796,2016,Sachin Baby,Batsman,"10,00,000", Royal Challengers Bangalore,
797,2016,Vikas Tokas,Bowler,"10,00,000", Royal Challengers Bangalore,
798,2016,Yuvraj Singh,All-Rounder,"7,00,00,000", Sunrisers Hyderabad,
799,2016,Ashish Nehra,Bowler,"5,50,00,000", Sunrisers Hyderabad,
800,2016,Deepak Hooda,All-Rounder,"4,20,00,000", Sunrisers Hyderabad,
801,2016,Mustafizur Rahman,Bowler,"1,40,00,000", Sunrisers Hyderabad,
802,2016,Aditya Tare,Wicket Keeper,"1,20,00,000", Sunrisers Hyderabad,
803,2016,Barinder Singh Sran,Bowler,"1,20,00,000", Sunrisers Hyderabad,
804,2016,Ben Cutting,All-Rounder,"50,00,000", Sunrisers Hyderabad,
805,2016,Vijay Shankar,All-Rounder,"35,00,000", Sunrisers Hyderabad,
806,2016,Abhimanyu Mithun,Bowler,"30,00,000", Sunrisers Hyderabad,
807,2016,Tirumalasetti Suman,Batsman,"10,00,000", Sunrisers Hyderabad,
808,2015,Yuvraj Singh,Batsman,"16,00,00,000",Delhi Daredevils,
809,2015,Angelo Mathews,All-Rounder,"7,50,00,000",Delhi Daredevils,
810,2015,Zaheer Khan,Bowler,"4,00,00,000",Delhi Daredevils,
811,2015,Amit Mishra,Bowler,"3,50,00,000",Delhi Daredevils,
812,2015,Shreyas Iyer,Batsman,"2,60,00,000",Delhi Daredevils,
813,2015,Gurinder Sandhu,Bowler,"1,70,00,000",Delhi Daredevils,
814,2015,Jaydev Unadkat,Bowler,"1,10,00,000",Delhi Daredevils,
815,2015,Domnic Joseph Muthuswamy,Bowler,"75,00,000",Delhi Daredevils,
816,2015,Albie Morkel,All-Rounder,"30,00,000",Delhi Daredevils,
817,2015,Travis Head,Batsman,"30,00,000",Delhi Daredevils,
818,2015,Marcus Stoinis,All-Rounder,"25,00,000",Delhi Daredevils,
819,2015,C.M. Gautam,Wicket Keeper,"20,00,000",Delhi Daredevils,
820,2015,Kona Srikar Bharat,Wicket Keeper,"10,00,000",Delhi Daredevils,
821,2015,K.K. Jiyaz,Bowler,"10,00,000",Delhi Daredevils,
822,2015,Murali Vijay,Batsman,"3,00,00,000",Kings XI Punjab,
823,2015,Nikhil Shankar Naik,Wicket Keeper,"30,00,000",Kings XI Punjab,
824,2015,Yogesh Gowalkar,All-Rounder,"10,00,000",Kings XI Punjab,
825,2015,K.C. Cariappa,Bowler,"2,40,00,000",Kolkata Knight Riders,
826,2015,James Neesham,All-Rounder,"50,00,000",Kolkata Knight Riders,
827,2015,Brad Hogg,Bowler,"50,00,000",Kolkata Knight Riders,
828,2015,Aditya Garhwal,All-Rounder,"25,00,000",Kolkata Knight Riders,
829,2015,Sheldon Jackson,Batsman,"15,00,000",Kolkata Knight Riders,
830,2015,Sumit Narwal,All-Rounder,"10,00,000",Kolkata Knight Riders,
831,2015,Vaibhav Rawal,All-Rounder,"10,00,000",Kolkata Knight Riders,
832,2015,Aaron Finch,Batsman,"3,20,00,000",Mumbai Indians,
833,2015,Pragyan Ojha,Bowler,"50,00,000",Mumbai Indians,
834,2015,Abhimanyu Mithun,Bowler,"30,00,000",Mumbai Indians,
835,2015,Mitchell McClenaghan,Bowler,"30,00,000",Mumbai Indians,
836,2015,Aiden Blizzard,Batsman,"30,00,000",Mumbai Indians,
837,2015,Hardik Pandya,All-Rounder,"10,00,000",Mumbai Indians,
838,2015,Akshay Wakhare,Bowler,"10,00,000",Mumbai Indians,
839,2015,Nitish Rana,All-Rounder,"10,00,000",Mumbai Indians,
840,2015,Siddhesh Dinesh Lad,All-Rounder,"10,00,000",Mumbai Indians,
841,2015,J. Suchitch,All-Rounder,"10,00,000",Mumbai Indians,
842,2015,Christopher Morris,All-Rounder,"1,40,00,000",Rajasthan Royals,
843,2015,Juan Theron,Bowler,"30,00,000",Rajasthan Royals,
844,2015,Barinder Singh Saran,Bowler,"10,00,000",Rajasthan Royals,
845,2015,Dinesh Salunkhe,All-Rounder,"10,00,000",Rajasthan Royals,
846,2015,Sagar Trivedi,All-Rounder,"10,00,000",Rajasthan Royals,
847,2015,Pardeep Sahu,All-Rounder,"10,00,000",Rajasthan Royals,
848,2015,Dinesh Karthik,Wicket Keeper,"10,50,00,000", Royal Challengers Bangalore,
849,2015,Darren Sammy,All-Rounder,"2,80,00,000", Royal Challengers Bangalore,
850,2015,David Wiese,All-Rounder,"2,80,00,000", Royal Challengers Bangalore,
851,2015,Sean Abbott,Bowler,"1,00,00,000", Royal Challengers Bangalore,
852,2015,Adam Milne,Bowler,"70,00,000", Royal Challengers Bangalore,
853,2015,Sarfaraz Naushad Khan,Batsman,"50,00,000", Royal Challengers Bangalore,
854,2015,Subramaniam Badrinath,Batsman,"30,00,000", Royal Challengers Bangalore,
855,2015,Jalaj Saxena,All-Rounder,"10,00,000", Royal Challengers Bangalore,
856,2015,Shishir Bhavane,Batsman,"10,00,000", Royal Challengers Bangalore,
857,2015,Trent Boult,Bowler,"3,80,00,000", Sunrisers Hyderabad,
858,2015,Praveen Kumar,Bowler,"2,20,00,000", Sunrisers Hyderabad,
859,2015,Kevin Pietersen,Batsman,"2,00,00,000", Sunrisers Hyderabad,
860,2015,Eoin Morgan,Batsman,"1,50,00,000", Sunrisers Hyderabad,
861,2015,Ravi Bopara,All-Rounder,"1,00,00,000", Sunrisers Hyderabad,
862,2015,Kane Williamson,All-Rounder,"60,00,000", Sunrisers Hyderabad,
863,2015,Laxmi Ratan Shukla,All-Rounder,"30,00,000", Sunrisers Hyderabad,
864,2015,Prasanth Padmanabhan,All-Rounder,"10,00,000", Sunrisers Hyderabad,
865,2015,Hanuma Vihari,Batsman,"10,00,000", Sunrisers Hyderabad,
866,2015,Siddarth Kaul,Bowler,"10,00,000", Sunrisers Hyderabad,
867,2014,Dinesh Karthik,Wicket Keeper,"12,50,00,000",Delhi Daredevils,
868,2014,Kevin Pietersen,Batsman,"9,00,00,000",Delhi Daredevils,
869,2014,Murali Vijay,Batsman,"5,00,00,000",Delhi Daredevils,
870,2014,Mohammad Shami,Bowler,"4,25,00,000",Delhi Daredevils,
871,2014,Nathan Coulter-Nile,Bowler,"4,25,00,000",Delhi Daredevils,
872,2014,Quinton De Kock,Wicket Keeper,"3,50,00,000",Delhi Daredevils,
873,2014,Manoj Tiwary,Batsman,"2,80,00,000",Delhi Daredevils,
874,2014,Jaydev Unadkat,Bowler,"2,80,00,000",Delhi Daredevils,
875,2014,Jean-Paul Duminy,Batsman,"2,20,00,000",Delhi Daredevils,
876,2014,Ross Taylor,Batsman,"2,00,00,000",Delhi Daredevils,
877,2014,Kedar Jadhav,Batsman,"2,00,00,000",Delhi Daredevils,
878,2014,Rahul Sharma,Bowler,"1,90,00,000",Delhi Daredevils,
879,2014,Mayank Agarwal,Batsman,"1,60,00,000",Delhi Daredevils,
880,2014,Laxmi Ratan Shukla,All-Rounder,"1,50,00,000",Delhi Daredevils,
881,2014,James Neesham,All-Rounder,"1,00,00,000",Delhi Daredevils,
882,2014,Wayne Parnell,Bowler,"1,00,00,000",Delhi Daredevils,
883,2014,Shahbaz Nadeem,Bowler,"85,00,000",Delhi Daredevils,
884,2014,Saurabh Tiwary,Batsman,"70,00,000",Delhi Daredevils,
885,2014,Siddarth Kaul,Bowler,"45,00,000",Delhi Daredevils,
886,2014,Rahul Shukla,Bowler,"40,00,000",Delhi Daredevils,
887,2014,Jayant Yadav,All-Rounder,"10,00,000",Delhi Daredevils,
888,2014,HS Sharath,Bowler,"10,00,000",Delhi Daredevils,
889,2014,Milind Kumar,Batsman,"10,00,000",Delhi Daredevils,
890,2014,Mitchell Johnson,All-Rounder,"6,50,00,000",Kings XI Punjab,
891,2014,Glenn Maxwell,All-Rounder,"6,00,00,000",Kings XI Punjab,
892,2014,George Bailey,Batsman,"3,25,00,000",Kings XI Punjab,
893,2014,Virender Sehwag,Batsman,"3,20,00,000",Kings XI Punjab,
894,2014,Rishi Dhawan,All-Rounder,"3,00,00,000",Kings XI Punjab,
895,2014,Wriddhiman Saha,Wicket Keeper,"2,20,00,000",Kings XI Punjab,
896,2014,Shaun Marsh,Batsman,"2,20,00,000",Kings XI Punjab,
897,2014,Cheteshwar Pujara,Batsman,"1,90,00,000",Kings XI Punjab,
898,2014,Beuran Hendricks,Bowler,"1,80,00,000",Kings XI Punjab,
899,2014,Lakshmipathy Balaji,Bowler,"1,80,00,000",Kings XI Punjab,
900,2014,Thisara Perera,All-Rounder,"1,60,00,000",Kings XI Punjab,
901,2014,Gurkirat Singh Mann,Batsman,"1,30,00,000",Kings XI Punjab,
902,2014,Murali Kartik,Bowler,"1,00,00,000",Kings XI Punjab,
903,2014,Sandeep Sharma,Bowler,"85,00,000",Kings XI Punjab,
904,2014,Mandeep Hardev Singh,All-Rounder,"80,00,000",Kings XI Punjab,
905,2014,Akshar Rajesh Patel,All-Rounder,"75,00,000",Kings XI Punjab,
906,2014,Parvinder Awana,Bowler,"65,00,000",Kings XI Punjab,
907,2014,Shardul Narendra Thakur,Bowler,"20,00,000",Kings XI Punjab,
908,2014,Anureet Singh,Bowler,"20,00,000",Kings XI Punjab,
909,2014,Shivam Sharma,Bowler,"10,00,000",Kings XI Punjab,
910,2014,Karanveer Singh,All-Rounder,"10,00,000",Kings XI Punjab,
911,2014,Jacques Kallis,All-Rounder,"5,50,00,000",Kolkata Knight Riders,
912,2014,Robin Uthappa,Batsman,"5,00,00,000",Kolkata Knight Riders,
913,2014,Piyush Chawla,Bowler,"4,25,00,000",Kolkata Knight Riders,
914,2014,Yusuf Pathan,All-Rounder,"3,25,00,000",Kolkata Knight Riders,
915,2014,Shakib Al Hasan,All-Rounder,"2,80,00,000",Kolkata Knight Riders,
916,2014,Morne Morkel,Bowler,"2,80,00,000",Kolkata Knight Riders,
917,2014,Ranganath Vinay Kumar,Bowler,"2,80,00,000",Kolkata Knight Riders,
918,2014,Umesh Yadav,Bowler,"2,60,00,000",Kolkata Knight Riders,
919,2014,Manish Pandey,Batsman,"1,70,00,000",Kolkata Knight Riders,
920,2014,Chris Lynn,Batsman,"1,30,00,000",Kolkata Knight Riders,
921,2014,Patrick Cummins,Bowler,"1,00,00,000",Kolkata Knight Riders,
922,2014,Ryan Ten Doeschate,All-Rounder,"1,00,00,000",Kolkata Knight Riders,
923,2014,Suryakumar Yadav,Batsman,"70,00,000",Kolkata Knight Riders,
924,2014,Andre Russell,All-Rounder,"60,00,000",Kolkata Knight Riders,
925,2014,Manvinder Bisla,Wicket Keeper,"60,00,000",Kolkata Knight Riders,
926,2014,Veer Pratap Singh,Bowler,"40,00,000",Kolkata Knight Riders,
927,2014,Kuldeep Singh Yadav,Bowler,"40,00,000",Kolkata Knight Riders,
928,2014,Debabrata Das,Wicket Keeper,"20,00,000",Kolkata Knight Riders,
929,2014,Sayan Sekhar Mandal,All-Rounder,"10,00,000",Kolkata Knight Riders,
930,2014,Michael Hussey,Batsman,"5,00,00,000",Mumbai Indians,
931,2014,Corey Anderson,All-Rounder,"4,50,00,000",Mumbai Indians,
932,2014,Pragyan Ojha,Bowler,"3,25,00,000",Mumbai Indians,
933,2014,Zaheer Khan,Bowler,"2,60,00,000",Mumbai Indians,
934,2014,Aditya Tare,Wicket Keeper,"1,60,00,000",Mumbai Indians,
935,2014,Jasprit Bumrah,Bowler,"1,20,00,000",Mumbai Indians,
936,2014,Jalaj Saxena,All-Rounder,"90,00,000",Mumbai Indians,
937,2014,Josh Hazlewood,Bowler,"50,00,000",Mumbai Indians,
938,2014,Marchant De Lange,Bowler,"30,00,000",Mumbai Indians,
939,2014,Krismar Santokie,Bowler,"30,00,000",Mumbai Indians,
940,2014,Ben Dunk,Wicket Keeper,"20,00,000",Mumbai Indians,
941,2014,C.M. Gautam,Wicket Keeper,"20,00,000",Mumbai Indians,
942,2014,Apoorv Vijay Wankhade,Batsman,"10,00,000",Mumbai Indians,
943,2014,Pawan Suyal,Bowler,"10,00,000",Mumbai Indians,
944,2014,Sushant Marathe,Wicket Keeper,"10,00,000",Mumbai Indians,
945,2014,Shreyas Gopal,Bowler,"10,00,000",Mumbai Indians,
946,2014,Steven Smith,All-Rounder,"4,00,00,000",Rajasthan Royals,
947,2014,Brad Hodge,Batsman,"2,40,00,000",Rajasthan Royals,
948,2014,Rajat Bhatia,All-Rounder,"1,70,00,000",Rajasthan Royals,
949,2014,Tim Southee,Bowler,"1,20,00,000",Rajasthan Royals,
950,2014,Dhawal Kulkarni,Bowler,"1,10,00,000",Rajasthan Royals,
951,2014,Abhishek Nayar,All-Rounder,"1,00,00,000",Rajasthan Royals,
952,2014,Kane Richardson,Bowler,"1,00,00,000",Rajasthan Royals,
953,2014,Ben Cutting,Bowler,"80,00,000",Rajasthan Royals,
954,2014,Karun Nair,Batsman,"75,00,000",Rajasthan Royals,
955,2014,Unmukt Chand,Batsman,"65,00,000",Rajasthan Royals,
956,2014,Iqbal Abdullah,All-Rounder,"65,00,000",Rajasthan Royals,
957,2014,Deepak Hooda,Bowler,"40,00,000",Rajasthan Royals,
958,2014,Dishant Yagnik,Wicket Keeper,"30,00,000",Rajasthan Royals,
959,2014,Kevon Cooper,All-Rounder,"30,00,000",Rajasthan Royals,
960,2014,Vikramjeet Malik,Bowler,"20,00,000",Rajasthan Royals,
961,2014,Ankit Nagendra Sharma,Bowler,"10,00,000",Rajasthan Royals,
962,2014,Rahul Tewatia,All-Rounder,"10,00,000",Rajasthan Royals,
963,2014,Ankush Bains,Wicket Keeper,"10,00,000",Rajasthan Royals,
964,2014,Amit Mishra,Bowler,"10,00,000",Rajasthan Royals,
965,2014,Pravin Tambe,Bowler,"10,00,000",Rajasthan Royals,
966,2014,Yuvraj Singh,All-Rounder,"14,00,00,000", Royal Challengers Bangalore,
967,2014,Mitchell Starc,Bowler,"5,00,00,000", Royal Challengers Bangalore,
968,2014,Albie Morkel,All-Rounder,"2,40,00,000", Royal Challengers Bangalore,
969,2014,Varun Aaron,Bowler,"2,00,00,000", Royal Challengers Bangalore,
970,2014,Ashok Dinda,Bowler,"1,50,00,000", Royal Challengers Bangalore,
971,2014,Parthiv Patel,Wicket Keeper,"1,40,00,000", Royal Challengers Bangalore,
972,2014,Muttiah Muralitharan,Bowler,"1,00,00,000", Royal Challengers Bangalore,
973,2014,Ravi Rampaul,Bowler,"90,00,000", Royal Challengers Bangalore,
974,2014,Nic Maddinson,Batsman,"50,00,000", Royal Challengers Bangalore,
975,2014,Harshal Patel,Bowler,"40,00,000", Royal Challengers Bangalore,
976,2014,Vijay Zol,Batsman,"30,00,000", Royal Challengers Bangalore,
977,2014,Abu Nechim Ahmed,Bowler,"30,00,000", Royal Challengers Bangalore,
978,2014,Sachin Rana,Bowler,"20,00,000", Royal Challengers Bangalore,
979,2014,Shadab Jakati,Bowler,"20,00,000", Royal Challengers Bangalore,
980,2014,Sandeep Warrier,Bowler,"10,00,000", Royal Challengers Bangalore,
981,2014,Tanmay Mishra,Batsman,"10,00,000", Royal Challengers Bangalore,
982,2014,Yogesh Takawale,Wicket Keeper,"10,00,000", Royal Challengers Bangalore,
983,2014,Yuzvendra Singh Chahal,Bowler,"10,00,000", Royal Challengers Bangalore,
984,2014,David Warner,Batsman,"5,50,00,000", Sunrisers Hyderabad,
985,2014,Amit Mishra,Bowler,"4,75,00,000", Sunrisers Hyderabad,
986,2014,Bhuvneshwar Kumar,Bowler,"4,25,00,000", Sunrisers Hyderabad,
987,2014,Aaron Finch,Batsman,"4,00,00,000", Sunrisers Hyderabad,
988,2014,Karn Sharma,Bowler,"3,75,00,000", Sunrisers Hyderabad,
989,2014,Darren Sammy,All-Rounder,"3,50,00,000", Sunrisers Hyderabad,
990,2014,Ishant Sharma,Bowler,"2,60,00,000", Sunrisers Hyderabad,
991,2014,Irfan Pathan,All-Rounder,"2,40,00,000", Sunrisers Hyderabad,
992,2014,Moises Henriques,All-Rounder,"1,00,00,000", Sunrisers Hyderabad,
993,2014,KL Rahul,Batsman,"1,00,00,000", Sunrisers Hyderabad,
994,2014,Parveez Rasool,All-Rounder,"95,00,000", Sunrisers Hyderabad,
995,2014,Jason Holder,Bowler,"75,00,000", Sunrisers Hyderabad,
996,2014,Venugopal Rao,Batsman,"55,00,000", Sunrisers Hyderabad,
997,2014,Naman Ojha,Wicket Keeper,"50,00,000", Sunrisers Hyderabad,
998,2014,Brendan Taylor,Wicket Keeper,"30,00,000", Sunrisers Hyderabad,
999,2014,Prasanth Parameswaran,Bowler,"30,00,000", Sunrisers Hyderabad,
1000,2014,Amit Paunikar,Wicket Keeper,"20,00,000", Sunrisers Hyderabad,
1001,2014,Ashish Reddy,Bowler,"20,00,000", Sunrisers Hyderabad,
1002,2014,Srikkanth Anirudha,Batsman,"20,00,000", Sunrisers Hyderabad,
1003,2014,Ricky Bhui,Batsman,"10,00,000", Sunrisers Hyderabad,
1004,2014,Chama Milind,Bowler,"10,00,000", Sunrisers Hyderabad,
1005,2014,Manprit Juneja,Batsman,"10,00,000", Sunrisers Hyderabad,
1006,2013,Johan Botha,All-Rounder,"450,000",Delhi Daredevils,
1007,2013,Jesse Ryder,All-Rounder,"260,000",Delhi Daredevils,
1008,2013,Jeevan Mendis,All-Rounder,"50,000",Delhi Daredevils,
1009,2013,Manpreet Gony,Bowler,"500,000",Kings XI Punjab,
1010,2013,Luke Pomersbach,Batsman,"300,000",Kings XI Punjab,
1011,2013,Sachithra Senanayaka,All-Rounder,"625,000",Kolkata Knight Riders,
1012,2013,Ryan McLaren,Bowler,"50,000",Kolkata Knight Riders,
1013,2013,Glenn Maxwell,All-Rounder,"1,000,000",Mumbai Indians,
1014,2013,Nathan Coulter-Nile,Bowler,"450,000",Mumbai Indians,
1015,2013,Ricky Ponting,Batsman,"400,000",Mumbai Indians,
1016,2013,Philip Hughes,Batsman,"100,000",Mumbai Indians,
1017,2013,Jacob Oram,All-Rounder,"50,000",Mumbai Indians,
1018,2013,Ajantha Mendis,Bowler,"725,000",Pune Warriors India,
1019,2013,Kane Richardson,Bowler,"700,000",Pune Warriors India,
1020,2013,Abhishek Nayar,All-Rounder,"675,000",Pune Warriors India,
1021,2013,Michael Clarke,Batsman,"400,000",Pune Warriors India,
1022,2013,James Faulkner,All-Rounder,"400,000",Rajasthan Royals,
1023,2013,Fidel Edwards,Bowler,"210,000",Rajasthan Royals,
1024,2013,Kusal Janith Perera,Wicket Keeper,"20,000",Rajasthan Royals,
1025,2013,Jaydev Unadkat,Bowler,"525,000", Royal Challengers Bangalore,
1026,2013,Rudra Pratap Singh,Bowler,"400,000", Royal Challengers Bangalore,
1027,2013,Moises Henriques,All-Rounder,"300,000", Royal Challengers Bangalore,
1028,2013,Ravi Rampaul,Bowler,"290,000", Royal Challengers Bangalore,
1029,2013,Pankaj Singh,Bowler,"150,000", Royal Challengers Bangalore,
1030,2013,Daniel Christian,All-Rounder,"100,000", Royal Challengers Bangalore,
1031,2013,Christopher Barnwell,All-Rounder,"50,000", Royal Challengers Bangalore,
1032,2013,Thisara Perera,All-Rounder,"675,000", Sunrisers Hyderabad,
1033,2013,Darren Sammy,All-Rounder,"425,000", Sunrisers Hyderabad,
1034,2013,Sudeep Tyagi,Bowler,"100,000", Sunrisers Hyderabad,
1035,2013,Clinton McKay,Bowler,"100,000", Sunrisers Hyderabad,
1036,2013,Nathan McCullum,Bowler,"100,000", Sunrisers Hyderabad,
1037,2013,Quinton De Kock,Wicket Keeper,"20,000", Sunrisers Hyderabad,
